tool,family,availability_url,availability_license_version,method,dpsir_structured,feedback_loops,response_sufficiency,uncertainty,evidence_traceable,reproducible_output,interface_user,sources,change_to_table1
QPress,Qualitative network model,https://github.com/SWotherspoon/QPress,"R package (GitHub), with Shiny widgets (impact.barplot.shiny)",Press perturbation on a signed digraph; community matrices sampled at random,No,"Yes, sampled matrices must be stable",Sign of change under a press (a management press can be one); no magnitude or neutralization,Proportion of stable simulations with each sign; validation criteria filter,No,R script,R code + Shiny widgets; expert modeller,Melbourne-Thomas et al. 2012 (Ecol. Monogr.); https://github.com/SWotherspoon/QPress; https://rdrr.io/github/SWotherspoon/QPress/man/impact.barplot.shiny.html,Interface cell: add Shiny widgets; sufficiency cell: sign only
LoopAnalyst,Loop analysis,https://cran.r-project.org/package=LoopAnalyst,"CRAN, v1.2-7 (2024-04-08)","Levins loop analysis; community effect, weighted feedback and prediction matrices",No,"Yes, if stable",Sign of change only,Weighted predictions (determinacy),No,R script,R code; specialist,Dinno 2009; https://cran.r-project.org/package=LoopAnalyst,no change
Mental Modeler,Fuzzy cognitive map,https://www.mentalmodeler.com/,Web application,FCM: iterative 'what if' scenarios,No,Yes (iterative convergence),Scenario comparison,Scenario only,No,Model file,Web GUI; stakeholders,Gray et al. 2013 (HICSS); https://www.mentalmodeler.com/,no change
In-Cognitive,Fuzzy cognitive map,https://github.com/ThemisKoutsellis/InCognitive,"Open source, web application (Python/Bokeh)",FCM simulation with guaranteed convergence,No,Yes,Scenario comparison,Monte Carlo uncertainty analysis,No,Model file,Web GUI; modellers and stakeholders,"Koutsellis et al. 2023, SoftwareX, doi:10.1016/j.softx.2023.101513; https://zenodo.org/records/10069255",New evidence: FCM now has MC uncertainty - qualify the FCM row
FCMapper,Fuzzy cognitive map,https://cran.r-project.org/package=FCMapper,"CRAN, GPL-2 (v1.1)",FCM from adjacency matrices; equilibrium values; map aggregation,No,Yes,Constrained-value scenarios,No,No,R script,R code,https://rdrr.io/cran/FCMapper/,family of the FCM row
shinyBN,Bayesian network,https://github.com/JiajinChen/shinyBN,Open source; online at jiajin.shinyapps.io/shinyBN,"BN structure learning, inference (bnlearn, gRain)",Possible,No (acyclic),Probability of outcome states,Probabilistic,No,Varies,Web GUI (Shiny); non-programmers,"Chen et al. 2019, BMC Bioinformatics, doi:10.1186/s12859-019-3309-0",example of a no-install BN tool for the BBN row
GeNIe / Netica,Bayesian network,https://www.bayesfusion.com/ ; https://www.norsys.com/,Proprietary; free academic licence (GeNIe) / limited demo (Netica),BN inference and learning,Possible,No (acyclic),Probability of outcome states,Probabilistic,Varies,Model file,Desktop GUI; modeller with elicitation,Marcot et al. 2006; https://software.umich.edu/titles/genie,BBN row
DAGitty,Causal DAG,https://www.dagitty.net/,Web application + R package,"Causal DAGs: adjustment sets, testable implications",No,No (acyclic),No,Testable implications against data (R package),No,Model text,Browser; epidemiologists and causal inference,"Textor et al. 2016, Int. J. Epidemiol. 45:1887-1894",neighbouring method; optional row
Ecopath with Ecosim,Food-web model,https://ecopath.org/,"Free software (v6.6.8, 2022)",Mass-balance trophic model; dynamic simulation; mixed trophic impact,No,Yes (dynamic),Policy exploration (fishing scenarios),Monte Carlo on inputs,Partial (pedigree),"Model file, EcoBase",Desktop; trophic modellers,https://ecopath.org/; Christensen and Walters 2004,optional row (ecosystem models)
Vensim / Stella / Insight Maker,System dynamics,https://vensim.com/ ; https://insightmaker.com/,"Proprietary (Vensim, Stella) / free web (Insight Maker)",Stock-flow simulation; causal loop diagrams; DPSIR used to scope SD models,Possible,Yes,Scenario comparison,Sensitivity runs,No,Model file,Desktop or web; SD modellers,Wikipedia list of causal mapping software; DPSIR+SD: J. Environ. Manage. 2019 (pii S0301479719306310),optional row (DPSIR + system dynamics)
ODEMM linkage framework,Linkage / risk framework,"https://github.com/ (MissionAtlantic, per Bornman et al. 2025)",R code released,Risk scoring of activity-pressure-component chains,Yes (chains),No,No (ranks risk),Confidence scoring,Partial,Spreadsheet / R,Expert panel,Borgwardt et al. 2019; Bornman et al. 2025 (Frontiers in Marine Science),no change
Ahtiainen et al. (Baltic sufficiency model),Effectiveness and sufficiency of measures,not released (reports at helcom.fi),Paper and HELCOM reports; no code found,"Expert-, literature- and model-based effects of measures on DAPSI(W)R(M) chains; probability of reaching targets",Yes,Not represented,"Yes, against regional targets",Probabilistic (expert elicitation),Expert survey,Report,Bespoke regional model; assessment team,"Ahtiainen et al., Marine Policy, doi:10.1016/j.marpol.2024.106480; HELCOM ACTION 2021 reports",confirm year (online 2024) and volume
Mind the GAP (Bryhn et al. 2026),Effectiveness and sufficiency of measures,not verified (paywalled),"Paper, Ocean & Coastal Management 2026",Expert-elicited potential and current effectiveness of measures vs environmental quality standards; implementation gaps; need for new measures,Partial (measures-pressures-EQS),Not represented,"Yes, against environmental quality standards",Expert elicitation,Expert survey,Report,Management and policy analysts,"Bryhn et al. 2026, Ocean & Coastal Management, pii S096456912600150X",NEW ROW; read in full
Ramos-Quintana et al. 2018,DPSIR causal network of indicator trends (method),not released,Paper only; no software found in the paper,Paths from a single Driver (population growth); each relation = trend (slope) of indicator time series; paths combined by product and addition into a Global Environmental State; fuzzy risk classes,Yes (DPSIR extended to a causal network),No (paths converge into one global state),Qualitative: weighted management actions shift the global state one or two risk regions,Fuzzy classification of imprecise zones (no resampling),Indicator sources (national statistics),Tables in the paper,Method for analysts; decision-makers read risk classes,"Ramos-Quintana et al. 2018, Environ. Impact Assess. Rev. 69:42-60, doi:10.1016/j.eiar.2017.11.004 (read in full, 2026-09-30)","Introduction: closest precursor (products along paths, DPSIR + decisions); Table 1: method row without software"
iDPSIR (this paper),DPSIR causal network (path analysis),https://github.com/gfonseca-unifesp/iDPSIR,Open source (MIT); runs in the browser (shinylive),Total effects of standardized path coefficients; sufficiency; prioritization; State triggers; optional temporal simulation,"Yes (configurable schema, roles)",Yes (rho(B) < 1 checked),"Yes, per Impact, with strength required","Neutralization confidence, prediction reliability, structural uncertainty (beta band and link absence), rank stability",Per-link reference and evidence type,Savepoint + self-contained HTML report,"Guided wizard, browser (WebAssembly); non-specialist manager",this repository,
