"network","raw_excluded","draws_rejected","temporal_diverged","conditions_failed"
1001,FALSE,0,6,0
1002,FALSE,0,0,0
1003,FALSE,0,0,0
1004,FALSE,0,2,0
1005,FALSE,0,0,0
1006,FALSE,0,0,0
1007,FALSE,0,0,0
1008,FALSE,0,14,0
1009,FALSE,0,0,0
1010,FALSE,0,6,0
1011,FALSE,0,0,0
1012,FALSE,0,0,0
1013,FALSE,0,0,0
1014,FALSE,0,0,0
1015,FALSE,0,0,0
1016,FALSE,0,4,0
1017,FALSE,0,2,0
1018,FALSE,0,0,0
1019,FALSE,0,0,0
1020,FALSE,0,0,0
1021,FALSE,0,6,0
1022,FALSE,0,14,0
1023,FALSE,0,0,0
1024,FALSE,0,10,0
1025,FALSE,0,0,0
1026,FALSE,0,0,0
1027,FALSE,0,0,0
1028,FALSE,0,8,0
1029,FALSE,0,0,0
1030,FALSE,0,14,0
1031,FALSE,0,0,0
1032,FALSE,0,2,0
1033,FALSE,0,8,0
1034,FALSE,0,2,0
1035,FALSE,0,0,0
1036,FALSE,0,16,0
1037,FALSE,0,0,0
1038,FALSE,0,0,0
1039,FALSE,0,0,0
1040,FALSE,0,0,0
1041,FALSE,0,0,0
1042,FALSE,0,0,0
1043,FALSE,0,0,0
1044,FALSE,0,0,0
1045,FALSE,0,0,0
1046,FALSE,0,0,0
1047,FALSE,0,0,0
1048,FALSE,0,0,0
1049,FALSE,0,0,0
1050,FALSE,0,0,0
1051,FALSE,0,2,0
1052,FALSE,0,0,0
1053,FALSE,0,0,0
1054,FALSE,0,2,0
1055,FALSE,0,0,0
1056,FALSE,0,0,0
1057,FALSE,0,0,0
1058,FALSE,0,0,0
1059,FALSE,0,0,0
1060,FALSE,0,0,0
1061,FALSE,0,0,0
1062,FALSE,0,0,0
1063,FALSE,0,0,0
1064,FALSE,0,30,0
1065,FALSE,0,6,0
1066,FALSE,0,0,0
1067,FALSE,0,6,0
1068,FALSE,0,6,0
1069,FALSE,0,0,0
1070,FALSE,0,18,0
1071,FALSE,0,2,0
1072,FALSE,0,2,0
1073,FALSE,0,2,0
1074,FALSE,0,0,0
1075,FALSE,0,8,0
1076,FALSE,0,6,0
1077,FALSE,0,0,0
1078,FALSE,0,0,0
1079,FALSE,0,2,0
1080,FALSE,0,24,0
1081,FALSE,0,0,0
1082,FALSE,0,12,0
1083,FALSE,0,0,0
1084,FALSE,0,0,0
1085,FALSE,0,8,0
1086,FALSE,0,0,0
1087,FALSE,0,0,0
1088,FALSE,0,0,0
1089,FALSE,0,4,0
1090,FALSE,0,0,0
1091,FALSE,0,0,0
1092,FALSE,0,0,0
1093,FALSE,0,0,0
1094,FALSE,0,0,0
1095,FALSE,0,2,0
1096,FALSE,0,0,0
1097,FALSE,0,0,0
1098,FALSE,0,0,0
1099,FALSE,0,0,0
1100,FALSE,0,0,0
1101,FALSE,0,12,0
1102,FALSE,0,0,0
1103,FALSE,0,0,0
1104,FALSE,0,0,0
1105,FALSE,0,0,0
1106,FALSE,0,0,0
1107,FALSE,0,0,0
1108,FALSE,0,0,0
1109,FALSE,0,0,0
1110,FALSE,0,0,0
1111,FALSE,0,0,0
1112,FALSE,0,0,0
1113,FALSE,0,0,0
1114,FALSE,0,0,0
1115,FALSE,0,0,0
1116,FALSE,0,6,0
1117,FALSE,0,12,0
1118,FALSE,0,0,0
1119,FALSE,0,0,0
1120,FALSE,0,0,0
1121,FALSE,0,8,0
1122,FALSE,0,0,0
1123,FALSE,0,2,0
1124,FALSE,0,0,0
1125,FALSE,0,0,0
1126,FALSE,0,0,0
1127,FALSE,0,0,0
1128,FALSE,0,0,0
1129,FALSE,0,0,0
1130,FALSE,0,0,0
1131,FALSE,0,0,0
1132,FALSE,0,0,0
1133,FALSE,0,0,0
1134,FALSE,0,0,0
1135,FALSE,0,0,0
1136,FALSE,0,0,0
1137,FALSE,0,8,0
1138,FALSE,0,0,0
1139,FALSE,0,0,0
1140,FALSE,0,2,0
1141,FALSE,0,0,0
1142,FALSE,0,0,0
1143,FALSE,0,0,0
1144,FALSE,0,4,0
1145,FALSE,0,0,0
1146,FALSE,0,0,0
1147,FALSE,0,0,0
1148,FALSE,0,0,0
1149,FALSE,0,0,0
1150,FALSE,0,0,0
1151,FALSE,0,0,0
1152,FALSE,0,0,0
1153,FALSE,0,4,0
1154,FALSE,0,2,0
1155,FALSE,0,0,0
1156,FALSE,0,0,0
1157,FALSE,0,6,0
1158,FALSE,0,0,0
1159,FALSE,0,0,0
1160,FALSE,0,0,0
1161,FALSE,0,0,0
1162,FALSE,0,0,0
1163,FALSE,0,0,0
1164,FALSE,0,0,0
1165,FALSE,0,0,0
1166,FALSE,0,4,0
1167,FALSE,0,4,0
1168,FALSE,0,26,0
1169,FALSE,0,0,0
1170,FALSE,0,0,0
1171,FALSE,0,0,0
1172,FALSE,0,0,0
1173,FALSE,0,0,0
1174,FALSE,0,0,0
1175,FALSE,0,2,0
1176,FALSE,0,28,0
1177,FALSE,0,0,0
1178,FALSE,0,4,0
1179,FALSE,0,0,0
1180,FALSE,0,0,0
1181,FALSE,0,0,0
1182,FALSE,0,0,0
1183,FALSE,0,0,0
1184,FALSE,0,2,0
1185,FALSE,0,0,0
1186,FALSE,0,4,0
1187,FALSE,0,0,0
1188,FALSE,0,0,0
1189,FALSE,0,22,0
1190,FALSE,0,0,0
1191,FALSE,0,22,0
1192,FALSE,0,0,0
1193,FALSE,0,34,0
1194,FALSE,0,2,0
1195,FALSE,0,0,0
1196,FALSE,0,0,0
1197,FALSE,0,0,0
1198,FALSE,0,0,0
1199,FALSE,0,2,0
1200,FALSE,0,4,0
1201,FALSE,0,0,0
1202,FALSE,0,0,0
1203,FALSE,0,4,0
1204,FALSE,0,0,0
1205,FALSE,0,0,0
1206,FALSE,0,0,0
1207,FALSE,0,0,0
1208,FALSE,0,0,0
1209,FALSE,0,0,0
1210,FALSE,0,0,0
1211,FALSE,0,0,0
1212,FALSE,0,2,0
1213,FALSE,0,14,0
1214,FALSE,0,0,0
1215,FALSE,0,0,0
1216,FALSE,0,12,0
1217,FALSE,0,0,0
1218,FALSE,0,0,0
1219,FALSE,0,0,0
1220,FALSE,0,0,0
1221,FALSE,0,0,0
1222,FALSE,0,0,0
1223,FALSE,0,0,0
1224,FALSE,0,0,0
1225,FALSE,0,0,0
1226,FALSE,0,0,0
1227,FALSE,0,0,0
1228,FALSE,0,0,0
1229,FALSE,0,4,0
1230,FALSE,0,0,0
1231,FALSE,0,18,0
1232,FALSE,0,8,0
1233,FALSE,0,0,0
1234,FALSE,0,2,0
1235,FALSE,0,4,0
1236,FALSE,0,0,0
1237,FALSE,0,14,0
1238,FALSE,0,2,0
1239,FALSE,0,0,0
1240,FALSE,0,20,0
1241,FALSE,0,0,0
1242,FALSE,0,0,0
1243,FALSE,0,0,0
1244,FALSE,0,0,0
1245,FALSE,0,0,0
1246,FALSE,0,6,0
1247,FALSE,0,0,0
1248,FALSE,0,20,0
1249,FALSE,0,14,0
1250,FALSE,0,0,0
1251,FALSE,0,0,0
1252,FALSE,0,10,0
1253,FALSE,0,0,0
1254,FALSE,0,0,0
1255,FALSE,0,0,0
1256,FALSE,0,0,0
1257,FALSE,0,0,0
1258,FALSE,0,14,0
1259,FALSE,0,0,0
1260,FALSE,0,0,0
1261,FALSE,0,4,0
1262,FALSE,0,2,0
1263,FALSE,0,0,0
1264,FALSE,0,0,0
1265,FALSE,0,6,0
1266,FALSE,0,0,0
1267,FALSE,0,0,0
1268,FALSE,0,14,0
1269,FALSE,0,0,0
1270,FALSE,0,0,0
1271,FALSE,0,4,0
1272,FALSE,0,0,0
1273,FALSE,0,2,0
1274,FALSE,0,0,0
1275,FALSE,0,0,0
1276,FALSE,0,4,0
1277,FALSE,0,0,0
1278,FALSE,0,0,0
1279,FALSE,0,0,0
1280,FALSE,0,6,0
1281,FALSE,0,4,0
1282,FALSE,0,2,0
1283,FALSE,0,0,0
1284,FALSE,0,2,0
1285,FALSE,0,0,0
1286,FALSE,0,8,0
1287,FALSE,0,0,0
1288,FALSE,0,0,0
1289,FALSE,0,0,0
1290,FALSE,0,0,0
1291,FALSE,0,0,0
1292,FALSE,0,0,0
1293,FALSE,0,0,0
1294,FALSE,0,0,0
1295,FALSE,0,4,0
1296,FALSE,0,0,0
1297,FALSE,0,0,0
1298,FALSE,0,20,0
1299,FALSE,0,0,0
1300,FALSE,0,2,0
1301,FALSE,0,0,0
1302,FALSE,0,0,0
1303,FALSE,0,0,0
1304,FALSE,0,0,0
1305,FALSE,0,0,0
1306,FALSE,0,0,0
1307,FALSE,0,0,0
1308,FALSE,0,0,0
1309,FALSE,0,4,0
1310,FALSE,0,0,0
1311,FALSE,0,18,0
1312,FALSE,0,0,0
1313,FALSE,0,18,0
1314,FALSE,0,0,0
1315,FALSE,0,0,0
1316,FALSE,0,0,0
1317,FALSE,0,0,0
1318,FALSE,0,0,0
1319,FALSE,0,2,0
1320,FALSE,0,12,0
1321,FALSE,0,8,0
1322,FALSE,0,0,0
1323,FALSE,0,0,0
1324,FALSE,0,0,0
1325,FALSE,0,0,0
1326,FALSE,0,0,0
1327,FALSE,0,0,0
1328,FALSE,0,0,0
1329,FALSE,0,2,0
1330,FALSE,0,4,0
1331,FALSE,0,0,0
1332,FALSE,0,16,0
1333,FALSE,0,2,0
1334,FALSE,0,8,0
1335,FALSE,0,0,0
1336,FALSE,0,0,0
1337,FALSE,0,0,0
1338,FALSE,0,0,0
1339,FALSE,0,22,0
1340,FALSE,0,0,0
1341,FALSE,0,4,0
1342,FALSE,0,0,0
1343,FALSE,0,0,0
1344,FALSE,0,2,0
1345,FALSE,0,0,0
1346,FALSE,0,0,0
1347,FALSE,0,0,0
1348,FALSE,0,0,0
1349,FALSE,0,0,0
1350,FALSE,0,0,0
1351,FALSE,0,0,0
1352,FALSE,0,0,0
1353,FALSE,0,10,2
1354,FALSE,0,0,0
1355,FALSE,0,0,0
1356,FALSE,0,0,0
1357,FALSE,0,0,0
1358,FALSE,0,0,0
1359,FALSE,0,0,0
1360,FALSE,0,0,0
1361,FALSE,0,2,0
1362,FALSE,0,0,0
1363,FALSE,0,8,0
1364,FALSE,0,0,0
1365,FALSE,0,0,0
1366,FALSE,0,16,0
1367,FALSE,0,0,0
1368,FALSE,0,2,0
1369,FALSE,0,0,0
1370,FALSE,0,0,0
1371,FALSE,0,0,0
1372,FALSE,0,0,0
1373,FALSE,0,6,0
1374,FALSE,0,6,0
1375,FALSE,0,2,0
1376,FALSE,0,0,0
1377,FALSE,0,6,0
1378,FALSE,0,0,0
1379,FALSE,0,0,0
1380,FALSE,0,0,0
1381,FALSE,0,0,0
1382,FALSE,0,0,0
1383,FALSE,0,0,0
1384,FALSE,0,0,0
1385,FALSE,0,0,0
1386,FALSE,0,22,0
1387,FALSE,0,0,0
1388,FALSE,0,10,0
1389,FALSE,0,0,0
1390,FALSE,0,0,0
1391,FALSE,0,0,0
1392,FALSE,0,2,0
1393,FALSE,0,0,0
1394,FALSE,0,0,0
1395,FALSE,0,0,0
1396,FALSE,0,0,0
1397,FALSE,0,0,0
1398,FALSE,0,0,0
1399,FALSE,0,0,0
1400,FALSE,0,6,0
1401,FALSE,0,0,0
1402,FALSE,0,0,0
1403,FALSE,0,18,0
1404,FALSE,0,0,0
1405,FALSE,0,14,0
1406,FALSE,0,0,0
1407,FALSE,0,4,0
1408,FALSE,0,0,0
1409,FALSE,0,6,0
1410,FALSE,0,0,0
1411,FALSE,0,0,0
1412,FALSE,0,0,0
1413,FALSE,0,0,0
1414,FALSE,0,0,0
1415,FALSE,0,2,0
1416,FALSE,0,0,0
1417,FALSE,0,0,0
1418,FALSE,0,22,0
1419,FALSE,0,2,0
1420,FALSE,0,4,0
1421,FALSE,0,0,0
1422,FALSE,0,0,0
1423,FALSE,0,0,0
1424,FALSE,0,2,0
1425,FALSE,0,26,0
1426,FALSE,0,0,0
1427,FALSE,0,6,0
1428,FALSE,0,0,0
1429,FALSE,0,0,0
1430,FALSE,0,0,0
1431,FALSE,0,2,0
1432,FALSE,0,0,0
1433,FALSE,0,10,0
1434,FALSE,0,0,0
1435,FALSE,0,0,0
1436,FALSE,0,0,0
1437,FALSE,0,0,0
1438,FALSE,0,8,0
1439,FALSE,0,8,0
1440,FALSE,0,0,0
1441,FALSE,0,0,0
1442,FALSE,0,0,0
1443,FALSE,0,0,0
1444,FALSE,0,0,0
1445,FALSE,0,0,0
1446,FALSE,0,0,0
1447,FALSE,0,0,0
1448,FALSE,0,0,0
1449,FALSE,0,0,0
1450,FALSE,0,4,0
1451,FALSE,0,0,0
1452,FALSE,0,0,0
1453,FALSE,0,0,0
1454,FALSE,0,18,0
1455,FALSE,0,0,0
1456,FALSE,0,0,0
1457,FALSE,0,0,0
1458,FALSE,0,0,0
1459,FALSE,0,0,0
1460,FALSE,0,8,0
1461,FALSE,0,0,0
1462,FALSE,0,2,0
1463,FALSE,0,0,0
1464,FALSE,0,12,0
1465,FALSE,0,0,0
1466,FALSE,0,0,0
1467,FALSE,0,8,0
1468,FALSE,0,0,0
1469,FALSE,0,0,0
1470,FALSE,0,0,0
1471,FALSE,0,0,0
1472,FALSE,0,0,0
1473,FALSE,0,0,0
1474,FALSE,0,0,0
1475,FALSE,0,0,0
1476,FALSE,0,0,0
1477,FALSE,0,0,0
1478,FALSE,0,4,0
1479,FALSE,0,4,0
1480,FALSE,0,2,0
1481,FALSE,0,0,0
1482,FALSE,0,2,0
1483,FALSE,0,0,0
1484,FALSE,0,0,0
1485,FALSE,0,0,0
1486,FALSE,0,4,0
1487,FALSE,0,0,0
1488,FALSE,0,0,0
1489,FALSE,0,6,0
1490,FALSE,0,0,0
1491,FALSE,0,0,0
1492,FALSE,0,0,0
1493,FALSE,0,4,0
1494,FALSE,0,0,0
1495,FALSE,0,0,0
1496,FALSE,0,6,0
1497,FALSE,0,0,0
1498,FALSE,0,6,0
1499,FALSE,0,0,0
1500,FALSE,0,0,0
1501,FALSE,0,0,0
1502,FALSE,0,4,0
1503,FALSE,0,0,0
1504,FALSE,0,2,0
1505,FALSE,0,0,0
1506,FALSE,0,0,0
1507,FALSE,0,0,0
1508,FALSE,0,0,0
1509,FALSE,0,2,0
1510,FALSE,0,4,0
1511,FALSE,0,0,0
1512,FALSE,0,0,0
1513,FALSE,0,8,0
1514,FALSE,0,0,0
1515,FALSE,0,28,0
1516,FALSE,0,0,0
1517,FALSE,0,0,0
1518,FALSE,0,0,0
1519,FALSE,0,4,0
1520,FALSE,0,0,0
1521,FALSE,0,0,0
1522,FALSE,0,0,0
1523,FALSE,0,0,0
1524,FALSE,0,0,0
1525,FALSE,0,0,0
1526,FALSE,0,0,0
1527,FALSE,0,0,0
1528,FALSE,0,0,0
1529,FALSE,0,0,0
1530,FALSE,0,0,0
1531,FALSE,0,2,0
1532,FALSE,0,0,0
1533,FALSE,0,0,0
1534,FALSE,0,0,0
1535,FALSE,0,0,0
1536,FALSE,0,0,0
1537,FALSE,0,0,0
1538,FALSE,0,2,0
1539,FALSE,0,0,0
1540,FALSE,0,0,0
1541,FALSE,0,0,0
1542,FALSE,0,0,0
1543,FALSE,0,4,0
1544,FALSE,0,0,0
1545,FALSE,0,0,0
1546,FALSE,0,0,0
1547,FALSE,0,0,0
1548,FALSE,0,0,0
1549,FALSE,0,2,0
1550,FALSE,0,28,0
1551,FALSE,0,0,0
1552,FALSE,0,0,0
1553,FALSE,0,0,0
1554,FALSE,0,4,0
1555,FALSE,0,0,0
1556,FALSE,0,0,0
1557,FALSE,0,18,0
1558,FALSE,0,16,0
1559,FALSE,0,0,0
1560,FALSE,0,0,0
1561,FALSE,0,0,0
1562,FALSE,0,0,0
1563,FALSE,0,8,0
1564,FALSE,0,0,0
1565,FALSE,0,0,0
1566,FALSE,0,0,0
1567,FALSE,0,0,0
1568,FALSE,0,0,0
1569,FALSE,0,22,0
1570,FALSE,0,0,0
1571,FALSE,0,0,0
1572,FALSE,0,4,0
1573,FALSE,0,2,0
1574,FALSE,0,28,0
1575,FALSE,0,0,0
1576,FALSE,0,0,0
1577,FALSE,0,0,0
1578,FALSE,0,0,0
1579,FALSE,0,0,0
1580,FALSE,0,0,0
1581,FALSE,0,0,0
1582,FALSE,0,0,0
1583,FALSE,0,0,0
1584,FALSE,0,0,0
1585,FALSE,0,0,0
1586,FALSE,0,12,0
1587,FALSE,0,0,0
1588,FALSE,0,0,0
1589,FALSE,0,14,0
1590,FALSE,0,0,0
1591,FALSE,0,0,0
1592,FALSE,0,0,0
1593,FALSE,0,22,1
1594,FALSE,0,32,0
1595,FALSE,0,0,0
1596,FALSE,0,0,0
1597,FALSE,0,0,0
1598,FALSE,0,2,0
1599,FALSE,0,0,0
1600,FALSE,0,0,0
1601,FALSE,0,2,0
1602,FALSE,0,8,0
1603,FALSE,0,0,0
1604,FALSE,0,0,0
1605,FALSE,0,2,0
1606,FALSE,0,0,0
1607,FALSE,0,0,0
1608,FALSE,0,0,0
1609,FALSE,0,0,0
1610,FALSE,0,0,0
1611,FALSE,0,4,0
1612,FALSE,0,0,0
1613,FALSE,0,0,0
1614,FALSE,0,0,0
1615,FALSE,0,0,0
1616,FALSE,0,0,0
1617,FALSE,0,0,0
1618,FALSE,0,2,0
1619,FALSE,0,0,0
1620,FALSE,0,14,0
1621,FALSE,0,24,0
1622,FALSE,0,2,0
1623,FALSE,0,2,0
1624,FALSE,0,0,0
1625,FALSE,0,0,0
1626,FALSE,0,4,0
1627,FALSE,0,34,0
1628,FALSE,0,0,0
1629,FALSE,0,0,0
1630,FALSE,0,4,0
1631,FALSE,0,0,0
1632,FALSE,0,10,0
1633,FALSE,0,0,0
1634,FALSE,0,0,0
1635,FALSE,0,0,0
1636,FALSE,0,0,0
1637,FALSE,0,0,0
1638,FALSE,0,0,0
1639,FALSE,0,0,0
1640,FALSE,0,0,0
1641,FALSE,0,0,1
1642,FALSE,0,0,0
1643,FALSE,0,0,0
1644,FALSE,0,0,0
1645,FALSE,0,0,0
1646,FALSE,0,0,0
1647,FALSE,0,0,0
1648,FALSE,0,0,0
1649,FALSE,0,0,0
1650,FALSE,0,0,0
1651,FALSE,0,0,0
1652,FALSE,0,2,0
1653,FALSE,0,16,0
1654,FALSE,0,10,0
1655,FALSE,0,0,0
1656,FALSE,0,2,0
1657,FALSE,0,6,0
1658,FALSE,0,2,0
1659,FALSE,0,0,0
1660,FALSE,0,0,0
1661,FALSE,0,0,0
1662,FALSE,0,0,0
1663,FALSE,0,0,0
1664,FALSE,0,0,0
1665,FALSE,0,0,0
1666,FALSE,0,0,0
1667,FALSE,0,10,0
1668,FALSE,0,2,0
1669,FALSE,0,4,0
1670,FALSE,0,22,0
1671,FALSE,0,6,0
1672,FALSE,0,0,0
1673,FALSE,0,0,0
1674,FALSE,0,0,0
1675,FALSE,0,0,0
1676,FALSE,0,0,0
1677,FALSE,0,2,0
1678,FALSE,0,0,0
1679,FALSE,0,0,0
1680,FALSE,0,0,0
1681,FALSE,0,2,0
1682,FALSE,0,0,0
1683,FALSE,0,0,0
1684,FALSE,0,34,0
1685,FALSE,0,0,0
1686,FALSE,0,10,0
1687,FALSE,0,0,0
1688,FALSE,0,0,0
1689,FALSE,0,0,0
1690,FALSE,0,0,0
1691,FALSE,0,8,0
1692,FALSE,0,0,0
1693,FALSE,0,10,0
1694,FALSE,0,0,0
1695,FALSE,0,4,0
1696,FALSE,0,0,0
1697,FALSE,0,0,0
1698,FALSE,0,0,0
1699,FALSE,0,0,0
1700,FALSE,0,6,0
1701,FALSE,0,0,0
1702,FALSE,0,0,0
1703,FALSE,0,0,0
1704,FALSE,0,0,0
1705,FALSE,0,4,0
1706,FALSE,0,6,0
1707,FALSE,0,0,0
1708,FALSE,0,0,0
1709,FALSE,0,0,0
1710,FALSE,0,0,0
1711,FALSE,0,8,0
1712,FALSE,0,2,0
1713,FALSE,0,0,0
1714,FALSE,0,0,0
1715,FALSE,0,0,0
1716,FALSE,0,0,0
1717,FALSE,0,2,0
1718,FALSE,0,0,0
1719,FALSE,0,0,0
1720,FALSE,0,16,0
1721,FALSE,0,0,0
1722,FALSE,0,8,0
1723,FALSE,0,0,0
1724,FALSE,0,0,0
1725,FALSE,0,4,0
1726,FALSE,0,0,0
1727,FALSE,0,0,0
1728,FALSE,0,0,0
1729,FALSE,0,0,0
1730,FALSE,0,0,0
1731,FALSE,0,0,0
1732,FALSE,0,6,0
1733,FALSE,0,0,0
1734,FALSE,0,0,0
1735,FALSE,0,0,0
1736,FALSE,0,0,0
1737,FALSE,0,0,0
1738,FALSE,0,0,0
1739,FALSE,0,0,0
1740,FALSE,0,0,0
1741,FALSE,0,0,0
1742,FALSE,0,0,0
1743,FALSE,0,4,0
1744,FALSE,0,0,0
1745,FALSE,0,0,0
1746,FALSE,0,28,0
1747,FALSE,0,0,0
1748,FALSE,0,0,0
1749,FALSE,0,4,0
1750,FALSE,0,10,0
1751,FALSE,0,0,0
1752,FALSE,0,12,0
1753,FALSE,0,0,0
1754,FALSE,0,0,0
1755,FALSE,0,0,0
1756,FALSE,0,4,0
1757,FALSE,0,0,0
1758,FALSE,0,6,0
1759,FALSE,0,0,0
1760,FALSE,0,0,0
1761,FALSE,0,0,0
1762,FALSE,0,12,0
1763,FALSE,0,0,0
1764,FALSE,0,0,0
1765,FALSE,0,12,0
1766,FALSE,0,0,0
1767,FALSE,0,8,0
1768,FALSE,0,0,0
1769,FALSE,0,0,0
1770,FALSE,0,0,0
1771,FALSE,0,0,0
1772,FALSE,0,0,0
1773,FALSE,0,0,0
1774,FALSE,0,0,0
1775,FALSE,0,0,0
1776,FALSE,0,0,0
1777,FALSE,0,6,0
1778,FALSE,0,0,0
1779,FALSE,0,0,0
1780,FALSE,0,12,0
1781,FALSE,0,4,0
1782,FALSE,0,0,0
1783,FALSE,0,0,0
1784,FALSE,0,0,0
1785,FALSE,0,0,0
1786,FALSE,0,6,0
1787,FALSE,0,0,0
1788,FALSE,0,8,0
1789,FALSE,0,2,0
1790,FALSE,0,0,0
1791,FALSE,0,0,0
1792,FALSE,0,0,0
1793,FALSE,0,0,0
1794,FALSE,0,0,0
1795,FALSE,0,0,0
1796,FALSE,0,2,0
1797,FALSE,0,0,0
1798,FALSE,0,4,0
1799,FALSE,0,2,0
1800,FALSE,0,0,0
1801,FALSE,0,0,0
1802,FALSE,0,0,0
1803,FALSE,0,0,0
1804,FALSE,0,0,0
1805,FALSE,0,0,0
1806,FALSE,0,6,0
1807,FALSE,0,0,0
1808,FALSE,0,0,0
1809,FALSE,0,0,0
1810,FALSE,0,0,0
1811,FALSE,0,0,0
1812,FALSE,0,0,0
1813,FALSE,0,22,0
1814,FALSE,0,0,0
1815,FALSE,0,0,0
1816,FALSE,0,4,0
1817,FALSE,0,0,0
1818,FALSE,0,0,0
1819,FALSE,0,0,0
1820,FALSE,0,26,0
1821,FALSE,0,0,0
1822,FALSE,0,0,0
1823,FALSE,0,0,0
1824,FALSE,0,34,0
1825,FALSE,0,0,0
1826,FALSE,0,0,0
1827,FALSE,0,4,0
1828,FALSE,0,0,0
1829,FALSE,0,0,0
1830,FALSE,0,0,0
1831,FALSE,0,0,0
1832,FALSE,0,0,0
1833,FALSE,0,4,0
1834,FALSE,0,2,0
1835,FALSE,0,0,0
1836,FALSE,0,0,0
1837,FALSE,0,0,0
1838,FALSE,0,0,0
1839,FALSE,0,0,0
1840,FALSE,0,0,0
1841,FALSE,0,8,0
1842,FALSE,0,0,0
1843,FALSE,0,0,0
1844,FALSE,0,8,0
1845,FALSE,0,0,0
1846,FALSE,0,0,0
1847,FALSE,0,0,0
1848,FALSE,0,2,0
1849,FALSE,0,4,0
1850,FALSE,0,2,0
1851,FALSE,0,6,0
1852,FALSE,0,0,0
1853,FALSE,0,8,0
1854,FALSE,0,6,0
1855,FALSE,0,0,0
1856,FALSE,0,0,0
1857,FALSE,0,0,0
1858,FALSE,0,0,0
1859,FALSE,0,0,0
1860,FALSE,0,0,0
1861,FALSE,0,0,0
1862,FALSE,0,0,0
1863,FALSE,0,0,0
1864,FALSE,0,0,0
1865,FALSE,0,0,0
1866,FALSE,0,0,0
1867,FALSE,0,0,0
1868,FALSE,0,0,0
1869,FALSE,0,0,0
1870,FALSE,0,0,0
1871,FALSE,0,16,0
1872,FALSE,0,0,0
1873,FALSE,0,0,0
1874,FALSE,0,0,0
1875,FALSE,0,0,0
1876,FALSE,0,0,0
1877,FALSE,0,4,0
1878,FALSE,0,14,0
1879,FALSE,0,0,0
1880,FALSE,0,0,0
1881,FALSE,0,0,0
1882,FALSE,0,0,0
1883,FALSE,0,2,0
1884,FALSE,0,0,0
1885,FALSE,0,0,0
1886,FALSE,0,28,0
1887,FALSE,0,0,0
1888,FALSE,0,4,0
1889,FALSE,0,0,0
1890,FALSE,0,0,0
1891,FALSE,0,0,0
1892,FALSE,0,0,0
1893,FALSE,0,0,0
1894,FALSE,0,0,0
1895,FALSE,0,0,0
1896,FALSE,0,0,0
1897,FALSE,0,10,0
1898,FALSE,0,26,0
1899,FALSE,0,0,0
1900,FALSE,0,0,0
1901,FALSE,0,0,0
1902,FALSE,0,0,0
1903,FALSE,0,0,0
1904,FALSE,0,0,0
1905,FALSE,0,0,0
1906,FALSE,0,0,0
1907,FALSE,0,0,0
1908,FALSE,0,0,0
1909,FALSE,0,2,0
1910,FALSE,0,0,0
1911,FALSE,0,0,0
1912,FALSE,0,0,0
1913,FALSE,0,0,0
1914,FALSE,0,0,0
1915,FALSE,0,0,0
1916,FALSE,0,6,0
1917,FALSE,0,4,0
1918,FALSE,0,0,0
1919,FALSE,0,0,0
1920,FALSE,0,0,0
1921,FALSE,0,24,0
1922,FALSE,0,0,0
1923,FALSE,0,0,0
1924,FALSE,0,0,0
1925,FALSE,0,2,0
1926,FALSE,0,0,0
1927,FALSE,0,0,0
1928,FALSE,0,0,0
1929,FALSE,0,0,0
1930,FALSE,0,0,0
1931,FALSE,0,0,0
1932,FALSE,0,0,0
1933,FALSE,0,0,0
1934,FALSE,0,4,0
1935,FALSE,0,0,0
1936,FALSE,0,2,0
1937,FALSE,0,0,0
1938,FALSE,0,0,0
1939,FALSE,0,0,0
1940,FALSE,0,0,0
1941,FALSE,0,0,0
1942,FALSE,0,0,0
1943,FALSE,0,0,0
1944,FALSE,0,0,0
1945,FALSE,0,0,0
1946,FALSE,0,2,0
1947,FALSE,0,0,0
1948,FALSE,0,30,0
1949,FALSE,0,20,0
1950,FALSE,0,0,0
1951,FALSE,0,0,0
1952,FALSE,0,0,0
1953,FALSE,0,0,0
1954,FALSE,0,0,0
1955,FALSE,0,0,0
1956,FALSE,0,0,0
1957,FALSE,0,4,0
1958,FALSE,0,0,0
1959,FALSE,0,0,0
1960,FALSE,0,12,0
1961,FALSE,0,2,0
1962,FALSE,0,0,0
1963,FALSE,0,0,0
1964,FALSE,0,0,0
1965,FALSE,0,10,0
1966,FALSE,0,0,0
1967,FALSE,0,0,0
1968,FALSE,0,0,0
1969,FALSE,0,0,0
1970,FALSE,0,0,0
1971,FALSE,0,0,0
1972,FALSE,0,0,0
1973,FALSE,0,0,0
1974,FALSE,0,12,0
1975,FALSE,0,0,0
1976,FALSE,0,0,0
1977,FALSE,0,0,0
1978,FALSE,0,0,0
1979,FALSE,0,0,0
1980,FALSE,0,0,0
1981,FALSE,0,0,0
1982,FALSE,0,0,0
1983,FALSE,0,0,0
1984,FALSE,0,4,0
1985,FALSE,0,0,0
1986,FALSE,0,4,0
1987,FALSE,0,0,0
1988,FALSE,0,0,0
1989,FALSE,0,0,0
1990,FALSE,0,30,0
1991,FALSE,0,8,0
1992,FALSE,0,0,0
1993,FALSE,0,0,0
1994,FALSE,0,0,0
1995,FALSE,0,0,0
1996,FALSE,0,0,0
1997,FALSE,0,0,0
1998,FALSE,0,0,0
1999,FALSE,0,0,0
2000,FALSE,0,4,0
