"network","n_nodes","n_edges","density","q","has_cycle","n_cycles","mean_path_DI","rho_raw","share_reached","n_thresholds","n_growing","n_impacts","n_responses_active"
1001,21,48,0.114285714285714,0.6,TRUE,33,3.7,0.717864903165139,1,2,0,5,4
1002,23,50,0.0988142292490119,0,FALSE,0,3,0,1,0,1,5,2
1003,20,50,0.131578947368421,0,FALSE,0,3,0,1,3,1,2,2
1004,22,50,0.108225108225108,0.6,TRUE,3,3.5,0.649012306638334,1,1,2,6,3
1005,14,15,0.0824175824175824,0,FALSE,0,3,0,0.6,1,0,5,1
1006,24,63,0.114130434782609,0.6,TRUE,4,3,0.678539264221622,1,2,2,4,1
1007,20,43,0.113157894736842,0.3,FALSE,0,3,0,1,2,0,2,3
1008,19,40,0.116959064327485,0.3,TRUE,4,3.33333333333333,0.616636747819796,1,1,1,3,1
1009,16,15,0.0625,0.6,FALSE,0,3,0,0.666666666666667,1,1,3,1
1010,23,41,0.0810276679841897,0.3,TRUE,9,3,0.566964472452693,1,3,1,5,2
1011,19,16,0.0467836257309941,0,FALSE,0,3,0,0.666666666666667,0,1,6,1
1012,15,15,0.0714285714285714,0.6,FALSE,0,3,0,0.5,0,2,6,1
1013,21,46,0.10952380952381,0,FALSE,0,3,0,1,2,1,5,2
1014,19,29,0.0847953216374269,0,FALSE,0,3,0,1,3,1,5,1
1015,19,23,0.0672514619883041,0.6,FALSE,0,3.5,0,0.833333333333333,0,2,6,1
1016,20,48,0.126315789473684,0.3,TRUE,9,3.66666666666667,0.724187040226549,1,0,2,3,3
1017,15,22,0.104761904761905,0.6,TRUE,2,3,0.532688318351192,0.5,2,1,2,1
1018,14,15,0.0824175824175824,0.3,FALSE,0,3,0,1,1,1,2,1
1019,17,31,0.113970588235294,0.3,FALSE,0,3,0,1,0,0,5,1
1020,20,29,0.0763157894736842,0.6,FALSE,0,3,0,1,0,1,6,1
1021,20,34,0.0894736842105263,0.6,TRUE,8,4.22222222222222,0.579889767279673,1,1,1,6,2
1022,24,64,0.115942028985507,0.3,TRUE,54,3.3,0.836423588709551,1,1,1,6,3
1023,16,23,0.0958333333333333,0,FALSE,0,3,0,1,1,1,4,1
1024,24,57,0.103260869565217,0.3,TRUE,8,3.41666666666667,0.70521885116312,1,3,0,6,1
1025,20,29,0.0763157894736842,0.6,TRUE,1,3.75,0.45,1,1,2,3,1
1026,16,16,0.0666666666666667,0.6,TRUE,2,3,0.45,1,0,1,4,1
1027,17,30,0.110294117647059,0,FALSE,0,3,0,1,2,1,3,2
1028,22,54,0.116883116883117,0.3,TRUE,7,3.53333333333333,0.642711246526394,1,3,1,5,3
1029,15,28,0.133333333333333,0,FALSE,0,3,0,1,2,0,4,2
1030,16,35,0.145833333333333,0.3,TRUE,10,3.625,0.716744603336826,1,3,0,4,1
1031,16,25,0.104166666666667,0,FALSE,0,3,0,0.5,1,0,2,1
1032,23,48,0.0948616600790514,0.6,TRUE,5,3.25,0.596456396746062,1,0,0,6,3
1033,20,45,0.118421052631579,0.6,TRUE,9,3,0.642711246526393,1,2,1,6,2
1034,18,30,0.0980392156862745,0.3,TRUE,1,3.70588235294118,0.45,1,1,1,6,2
1035,15,36,0.171428571428571,0,FALSE,0,3,0,1,1,1,2,1
1036,22,54,0.116883116883117,0.6,TRUE,133,3.11111111111111,0.807664681155017,1,2,1,6,2
1037,13,21,0.134615384615385,0.3,FALSE,0,3,0,1,0,1,3,2
1038,20,48,0.126315789473684,0,FALSE,0,3,0,1,1,2,2,3
1039,22,46,0.0995670995670996,0.3,FALSE,0,3,0,1,2,1,4,1
1040,17,30,0.110294117647059,0,FALSE,0,3,0,1,2,2,2,1
1041,22,40,0.0865800865800866,0.3,FALSE,0,3,0,1,0,0,5,2
1042,20,38,0.1,0,FALSE,0,3,0,1,1,2,4,1
1043,10,9,0.1,0,FALSE,0,3,0,1,0,0,2,1
1044,20,52,0.136842105263158,0,FALSE,0,3,0,1,4,0,2,2
1045,18,30,0.0980392156862745,0,FALSE,0,3,0,1,3,0,5,1
1046,23,52,0.102766798418972,0,FALSE,0,3,0,1,0,0,5,1
1047,20,45,0.118421052631579,0.3,FALSE,0,3,0,1,1,1,6,2
1048,22,42,0.0909090909090909,0,FALSE,0,3,0,1,2,0,5,4
1049,13,20,0.128205128205128,0,FALSE,0,3,0,1,1,3,2,1
1050,19,49,0.14327485380117,0,FALSE,0,3,0,1,1,2,3,5
1051,18,41,0.133986928104575,0.6,TRUE,13,3,0.645840111027639,1,0,1,6,4
1052,19,26,0.0760233918128655,0.3,FALSE,0,3,0,1,3,1,3,1
1053,21,39,0.0928571428571429,0.3,TRUE,1,3,0.45,1,2,1,3,1
1054,18,35,0.11437908496732,0.6,TRUE,6,3.2,0.677385919992275,1,2,1,5,2
1055,22,49,0.106060606060606,0,FALSE,0,3,0,1,1,1,4,1
1056,16,29,0.120833333333333,0.3,FALSE,0,3,0,1,0,1,2,1
1057,17,26,0.0955882352941176,0,FALSE,0,3,0,0.666666666666667,0,3,3,1
1058,16,25,0.104166666666667,0.6,TRUE,1,3.36363636363636,0.45,0.833333333333333,1,1,6,1
1059,18,27,0.0882352941176471,0,FALSE,0,3,0,1,2,3,4,1
1060,22,53,0.114718614718615,0.3,TRUE,2,3,0.544773507482739,1,1,1,5,2
1061,20,38,0.1,0.6,FALSE,0,3,0,1,1,3,3,2
1062,22,43,0.0930735930735931,0.6,TRUE,4,3,0.569725680983232,1,2,0,5,1
1063,20,35,0.0921052631578947,0.6,TRUE,1,3,0.45,1,1,1,6,1
1064,18,37,0.120915032679739,0.6,TRUE,51,3,0.868565375469009,1,1,1,2,3
1065,21,47,0.111904761904762,0.3,TRUE,5,3,0.672797878934518,1,0,0,4,2
1066,15,27,0.128571428571429,0.3,FALSE,0,3,0,0.666666666666667,1,1,3,2
1067,22,53,0.114718614718615,0.6,TRUE,16,4.25,0.631073359258672,1,2,0,4,3
1068,13,22,0.141025641025641,0.6,TRUE,4,3,0.616636747819797,1,1,0,2,4
1069,19,34,0.0994152046783626,0.3,FALSE,0,3,0,1,2,3,5,2
1070,19,39,0.114035087719298,0.6,TRUE,41,3,0.841122882698463,1,2,1,3,1
1071,18,31,0.101307189542484,0.6,TRUE,3,3.36363636363636,0.573349072486353,1,1,1,3,1
1072,24,76,0.13768115942029,0.6,TRUE,5,3,0.588092067226338,1,3,2,6,2
1073,20,33,0.0868421052631579,0.6,TRUE,5,3.58333333333333,0.645116278227067,1,0,0,6,2
1074,14,21,0.115384615384615,0,FALSE,0,3,0,1,0,1,2,1
1075,19,40,0.116959064327485,0.6,TRUE,18,4.3,0.708452940251481,1,1,2,5,3
1076,19,31,0.0906432748538012,0.3,TRUE,5,3.66666666666667,0.642337672521242,1,1,2,6,1
1077,15,17,0.080952380952381,0.3,FALSE,0,3,0,1,0,2,5,1
1078,17,25,0.0919117647058824,0.6,TRUE,3,3,0.560578922826983,1,2,0,4,2
1079,21,40,0.0952380952380952,0.6,TRUE,8,3.33333333333333,0.654604234816547,1,1,2,4,4
1080,21,59,0.14047619047619,0.6,TRUE,28,3.2,0.845428181927153,1,2,1,5,2
1081,20,36,0.0947368421052632,0,FALSE,0,3,0,1,2,2,5,1
1082,17,37,0.136029411764706,0.6,TRUE,97,3.6,0.650178045493959,1,0,1,5,3
1083,22,62,0.134199134199134,0.3,FALSE,0,3,0,1,1,0,6,2
1084,19,38,0.111111111111111,0,FALSE,0,3,0,1,3,0,4,2
1085,21,50,0.119047619047619,0.6,TRUE,32,3.3,0.756675762559908,1,0,2,5,3
1086,17,26,0.0955882352941176,0.3,TRUE,1,3,0.45,1,3,1,3,1
1087,17,36,0.132352941176471,0.3,TRUE,3,3,0.517933766365991,1,0,1,3,1
1088,12,15,0.113636363636364,0,FALSE,0,3,0,0.333333333333333,2,0,3,1
1089,16,23,0.0958333333333333,0.6,TRUE,5,3,0.561334226413144,1,1,1,2,3
1090,14,16,0.0879120879120879,0.6,FALSE,0,3,0,0.333333333333333,2,0,3,1
1091,18,27,0.0882352941176471,0,FALSE,0,3,0,0,1,0,2,1
1092,15,30,0.142857142857143,0,FALSE,0,3,0,1,1,1,4,1
1093,21,37,0.0880952380952381,0.6,TRUE,15,5.11111111111111,0.619266793113057,1,1,0,6,1
1094,19,24,0.0701754385964912,0,FALSE,0,3,0,1,2,1,5,1
1095,17,29,0.106617647058824,0.6,TRUE,19,4.16666666666667,0.666614963062462,1,2,1,2,3
1096,17,26,0.0955882352941176,0.3,FALSE,0,3,0,0.6,2,0,5,1
1097,19,34,0.0994152046783626,0.6,TRUE,4,4.25,0.593778559847802,1,1,0,2,4
1098,18,34,0.111111111111111,0.3,FALSE,0,3,0,1,1,1,2,3
1099,19,44,0.128654970760234,0.6,TRUE,3,3,0.561334226413145,1,3,2,3,1
1100,17,19,0.0698529411764706,0.6,FALSE,0,3,0,1,1,2,3,1
1101,11,20,0.181818181818182,0.6,TRUE,9,3,0.709572669887896,1,0,1,2,1
1102,12,15,0.113636363636364,0,FALSE,0,3,0,1,0,0,4,1
1103,20,39,0.102631578947368,0.3,TRUE,3,3,0.535143201751225,1,1,0,3,2
1104,20,29,0.0763157894736842,0.6,TRUE,4,3.2,0.495124305975007,0.666666666666667,2,1,6,1
1105,17,29,0.106617647058824,0.3,FALSE,0,3,0,1,0,1,4,1
1106,19,37,0.108187134502924,0.3,FALSE,0,3,0,1,1,1,5,2
1107,16,25,0.104166666666667,0.3,FALSE,0,3,0,1,2,0,3,2
1108,17,17,0.0625,0,FALSE,0,3,0,0.5,0,0,4,1
1109,17,22,0.0808823529411765,0.3,FALSE,0,3,0,1,0,0,4,1
1110,12,10,0.0757575757575758,0.6,FALSE,0,3,0,0.333333333333333,1,2,3,1
1111,17,24,0.0882352941176471,0,FALSE,0,3,0,1,1,3,5,1
1112,19,38,0.111111111111111,0,FALSE,0,3,0,1,2,0,5,2
1113,12,13,0.0984848484848485,0,FALSE,0,3,0,1,0,1,2,3
1114,20,34,0.0894736842105263,0.3,FALSE,0,3,0,1,0,2,4,1
1115,18,36,0.117647058823529,0,FALSE,0,3,0,1,0,1,6,2
1116,19,41,0.119883040935673,0.3,TRUE,9,3,0.648895609685007,1,2,2,4,1
1117,22,54,0.116883116883117,0.3,TRUE,7,3.16666666666667,0.688388869637491,1,2,2,6,4
1118,20,34,0.0894736842105263,0.6,FALSE,0,3,0,1,2,1,3,1
1119,19,25,0.0730994152046784,0.6,FALSE,0,3,0,1,3,1,2,1
1120,21,52,0.123809523809524,0.6,TRUE,4,3,0.607162248477344,1,1,0,6,3
1121,22,42,0.0909090909090909,0.6,TRUE,9,3.5,0.719986644069515,1,3,1,5,1
1122,14,20,0.10989010989011,0,FALSE,0,3,0,1,1,0,3,1
1123,20,32,0.0842105263157895,0.6,TRUE,5,3.45,0.703366944486014,1,2,0,5,1
1124,23,38,0.075098814229249,0.6,FALSE,0,3,0,1,3,1,5,2
1125,16,21,0.0875,0,FALSE,0,3,0,1,2,1,5,2
1126,16,19,0.0791666666666667,0.3,FALSE,0,3,0,1,1,1,3,1
1127,18,24,0.0784313725490196,0.6,TRUE,3,3.8,0.450000000000001,0,0,1,3,1
1128,16,20,0.0833333333333333,0,FALSE,0,3,0,1,0,1,4,1
1129,19,27,0.0789473684210526,0.6,FALSE,0,3,0,1,0,0,6,1
1130,21,36,0.0857142857142857,0,FALSE,0,3,0,1,1,1,6,3
1131,21,46,0.10952380952381,0,FALSE,0,3,0,1,0,1,4,3
1132,19,29,0.0847953216374269,0.6,TRUE,1,3.41666666666667,0.45,1,3,0,6,1
1133,19,19,0.0555555555555556,0.3,FALSE,0,3,0,0.5,1,2,6,1
1134,19,39,0.114035087719298,0,FALSE,0,3,0,1,1,0,6,4
1135,17,33,0.121323529411765,0,FALSE,0,3,0,1,1,1,3,4
1136,19,33,0.0964912280701754,0,FALSE,0,3,0,1,1,0,6,2
1137,18,38,0.124183006535948,0.3,TRUE,7,3,0.637641350837782,1,1,1,6,1
1138,21,30,0.0714285714285714,0,FALSE,0,3,0,0.25,0,4,4,1
1139,16,28,0.116666666666667,0,FALSE,0,3,0,1,1,0,4,2
1140,18,25,0.0816993464052288,0.6,TRUE,2,3,0.532688318351192,1,1,2,3,2
1141,22,50,0.108225108225108,0.3,TRUE,6,3.75,0.60708275826983,1,2,3,5,4
1142,20,43,0.113157894736842,0.3,FALSE,0,3,0,1,2,1,2,3
1143,19,24,0.0701754385964912,0.6,FALSE,0,3,0,1,2,2,3,1
1144,21,48,0.114285714285714,0.6,TRUE,11,3.5,0.578229714237849,1,1,1,6,3
1145,19,23,0.0672514619883041,0,FALSE,0,3,0,1,1,2,6,1
1146,18,26,0.0849673202614379,0,FALSE,0,3,0,1,1,1,5,1
1147,17,27,0.0992647058823529,0.6,FALSE,0,3,0,1,0,0,2,3
1148,15,21,0.1,0.3,FALSE,0,3,0,1,1,2,2,1
1149,22,39,0.0844155844155844,0,FALSE,0,3,0,1,0,2,6,1
1150,20,31,0.0815789473684211,0,FALSE,0,3,0,0.666666666666667,2,2,3,1
1151,17,31,0.113970588235294,0.3,FALSE,0,3,0,1,2,1,2,2
1152,17,22,0.0808823529411765,0,FALSE,0,3,0,0.5,3,0,2,1
1153,16,20,0.0833333333333333,0.3,TRUE,3,3.8,0.573349072486353,1,0,2,5,1
1154,18,38,0.124183006535948,0.6,TRUE,11,3,0.659042185980496,1,0,1,3,2
1155,18,27,0.0882352941176471,0.3,FALSE,0,3,0,0.75,2,2,4,1
1156,22,48,0.103896103896104,0,FALSE,0,3,0,1,1,1,5,2
1157,24,69,0.125,0.6,TRUE,19,3.25,0.721662830867834,1,1,0,5,4
1158,21,48,0.114285714285714,0,FALSE,0,3,0,1,1,0,5,1
1159,21,30,0.0714285714285714,0,FALSE,0,3,0,0.5,1,0,4,1
1160,18,27,0.0882352941176471,0.6,TRUE,3,3.85714285714286,0.563387127003939,1,1,2,4,1
1161,17,40,0.147058823529412,0,FALSE,0,3,0,1,2,1,3,1
1162,16,23,0.0958333333333333,0,FALSE,0,3,0,0.75,0,1,4,1
1163,19,41,0.119883040935673,0.3,FALSE,0,3,0,1,1,1,3,1
1164,22,30,0.0649350649350649,0.6,FALSE,0,3,0,1,2,2,6,1
1165,15,25,0.119047619047619,0,FALSE,0,3,0,1,0,1,5,2
1166,21,31,0.0738095238095238,0.6,TRUE,3,3.75,0.562433214988915,1,2,2,6,2
1167,17,32,0.117647058823529,0.3,TRUE,12,4.16666666666667,0.68162475797495,1,1,1,2,2
1168,16,43,0.179166666666667,0.6,TRUE,47,3,0.860161325807856,1,1,0,3,3
1169,17,28,0.102941176470588,0.3,FALSE,0,3,0,0.333333333333333,1,1,3,1
1170,23,42,0.08300395256917,0.3,TRUE,4,3,0.593733683341027,1,0,0,6,3
1171,15,22,0.104761904761905,0.6,TRUE,2,3,0.636396103067893,1,0,2,2,2
1172,21,40,0.0952380952380952,0.6,TRUE,2,3,0.534200463383421,1,1,1,6,1
1173,19,39,0.114035087719298,0,FALSE,0,3,0,1,0,2,6,1
1174,19,31,0.0906432748538012,0.6,TRUE,3,3.48,0.618026120406733,1,1,2,5,1
1175,16,28,0.116666666666667,0.6,TRUE,10,3,0.674716559391647,1,0,2,2,2
1176,19,50,0.146198830409357,0.6,TRUE,55,3.75,0.897055171992555,1,0,0,2,3
1177,19,29,0.0847953216374269,0.6,FALSE,0,3,0,1,2,0,3,1
1178,14,18,0.0989010989010989,0.6,TRUE,4,3,0.569725680983231,1,1,0,2,1
1179,19,29,0.0847953216374269,0,FALSE,0,3,0,1,0,3,4,1
1180,21,45,0.107142857142857,0,FALSE,0,3,0,1,2,1,6,3
1181,13,16,0.102564102564103,0.3,FALSE,0,3,0,1,1,0,3,1
1182,20,32,0.0842105263157895,0.3,FALSE,0,3,0,1,2,1,6,1
1183,22,39,0.0844155844155844,0.3,FALSE,0,3,0,1,1,2,6,1
1184,19,40,0.116959064327485,0.3,TRUE,12,3,0.690715822931346,1,3,0,3,1
1185,19,32,0.0935672514619883,0.6,FALSE,0,4.7,0,1,0,1,6,2
1186,17,22,0.0808823529411765,0.6,TRUE,2,3.33333333333333,0.532688318351192,1,2,2,3,1
1187,18,26,0.0849673202614379,0,FALSE,0,3,0,0.8,1,0,5,1
1188,24,66,0.119565217391304,0.3,TRUE,2,3.09090909090909,0.537236600094551,1,2,2,5,4
1189,21,54,0.128571428571429,0.6,TRUE,41,3.4,0.784516770721426,1,1,1,5,2
1190,15,21,0.1,0,FALSE,0,3,0,1,1,1,3,4
1191,22,52,0.112554112554113,0.6,TRUE,151,4.06666666666667,0.829084278720386,1,2,1,5,1
1192,21,38,0.0904761904761905,0,FALSE,0,3,0,1,1,1,3,3
1193,20,54,0.142105263157895,0.6,TRUE,208,3,0.898735907503256,1,3,1,4,3
1194,13,18,0.115384615384615,0.3,TRUE,2,3,0.532688318351192,0,1,0,3,1
1195,21,44,0.104761904761905,0.3,FALSE,0,3,0,1,3,0,2,2
1196,21,41,0.0976190476190476,0.6,TRUE,2,3.25,0.516914259748666,1,0,1,4,3
1197,18,28,0.0915032679738562,0,FALSE,0,3,0,1,2,0,4,1
1198,17,26,0.0955882352941176,0.3,FALSE,0,3,0,1,1,1,6,1
1199,15,34,0.161904761904762,0.6,TRUE,22,3.33333333333333,0.73123441695236,1,1,0,3,1
1200,18,31,0.101307189542484,0.6,TRUE,6,3.25,0.599177243955179,0.833333333333333,1,1,6,1
1201,19,34,0.0994152046783626,0.3,FALSE,0,3,0,1,0,3,2,4
1202,19,33,0.0964912280701754,0.3,FALSE,0,3,0,1,1,2,5,1
1203,19,34,0.0994152046783626,0.6,TRUE,4,3,0.583515014537947,1,2,1,4,3
1204,21,52,0.123809523809524,0.3,TRUE,2,3,0.544773507482739,1,0,2,6,5
1205,17,29,0.106617647058824,0,FALSE,0,3,0,1,1,1,2,2
1206,17,35,0.128676470588235,0.3,FALSE,0,3,0,1,1,1,3,1
1207,17,30,0.110294117647059,0,FALSE,0,3,0,1,0,1,2,1
1208,19,42,0.12280701754386,0.3,TRUE,2,3,0.45,1,2,0,4,1
1209,21,50,0.119047619047619,0.3,FALSE,0,3,0,1,2,0,6,1
1210,14,18,0.0989010989010989,0,FALSE,0,3,0,1,1,1,3,2
1211,15,21,0.1,0.6,TRUE,3,3.66666666666667,0.587248813933684,1,1,1,2,1
1212,20,41,0.107894736842105,0.6,TRUE,17,3,0.655878488180681,1,0,1,6,4
1213,17,28,0.102941176470588,0.6,TRUE,17,3.6,0.72142680801476,1,1,1,5,1
1214,14,20,0.10989010989011,0,FALSE,0,3,0,1,1,2,2,2
1215,20,31,0.0815789473684211,0.3,FALSE,0,3,0,1,1,1,6,1
1216,24,53,0.0960144927536232,0.6,TRUE,7,3.35,0.737405076053202,1,3,1,5,2
1217,21,30,0.0714285714285714,0.6,TRUE,1,3,0.45,1,1,3,4,2
1218,17,29,0.106617647058824,0.3,FALSE,0,3,0,1,2,0,4,1
1219,19,29,0.0847953216374269,0,FALSE,0,3,0,1,1,0,6,4
1220,22,43,0.0930735930735931,0.3,TRUE,2,4.76470588235294,0.516914259748666,1,0,0,6,2
1221,24,52,0.0942028985507246,0,FALSE,0,3,0,1,3,0,6,3
1222,24,54,0.0978260869565217,0,FALSE,0,3,0,1,4,1,5,3
1223,21,48,0.114285714285714,0.3,TRUE,6,3,0.624844818931134,1,1,3,2,3
1224,18,18,0.0588235294117647,0,FALSE,0,3,0,0.5,0,3,4,1
1225,13,17,0.108974358974359,0.3,FALSE,0,3,0,1,1,0,3,1
1226,18,34,0.111111111111111,0,FALSE,0,3,0,1,1,0,3,2
1227,23,40,0.0790513833992095,0,FALSE,0,3,0,1,0,1,6,4
1228,17,25,0.0919117647058824,0.3,FALSE,0,3,0,1,0,1,4,2
1229,22,45,0.0974025974025974,0.3,TRUE,4,3.26666666666667,0.651825660264162,1,1,1,5,1
1230,19,40,0.116959064327485,0,FALSE,0,3,0,1,0,1,3,4
1231,20,45,0.118421052631579,0.6,TRUE,124,3.66666666666667,0.788242962289555,1,1,1,5,1
1232,17,32,0.117647058823529,0.6,TRUE,4,3,0.672674694724978,1,1,1,3,1
1233,13,13,0.0833333333333333,0.3,TRUE,1,3,0.45,0.5,1,2,2,1
1234,20,41,0.107894736842105,0.6,TRUE,5,3,0.574968131248992,1,2,1,5,1
1235,23,53,0.104743083003953,0.6,TRUE,9,3.22222222222222,0.681804831636966,1,1,1,4,2
1236,21,32,0.0761904761904762,0,FALSE,0,3,0,1,1,1,5,1
1237,17,31,0.113970588235294,0.6,TRUE,11,4,0.691626718825801,1,1,1,2,3
1238,21,34,0.080952380952381,0.6,TRUE,6,4.3,0.589034495318367,1,2,1,5,1
1239,17,27,0.0992647058823529,0,FALSE,0,3,0,1,0,3,6,1
1240,22,57,0.123376623376623,0.3,TRUE,11,3.54545454545455,0.758429660866578,1,3,1,4,3
1241,22,40,0.0865800865800866,0,FALSE,0,3,0,1,1,3,3,1
1242,14,15,0.0824175824175824,0.3,FALSE,0,3,0,0.666666666666667,2,0,3,1
1243,17,29,0.106617647058824,0.3,FALSE,0,3,0,1,0,0,3,2
1244,17,26,0.0955882352941176,0.3,FALSE,0,3,0,1,0,2,6,1
1245,21,47,0.111904761904762,0,FALSE,0,3,0,1,2,1,4,2
1246,15,24,0.114285714285714,0.6,TRUE,5,3,0.63356343579678,1,0,1,2,2
1247,15,23,0.10952380952381,0.6,TRUE,5,3,0.555459266025871,1,2,0,4,1
1248,19,48,0.140350877192982,0.6,TRUE,16,3.4,0.761626184607217,1,5,0,3,3
1249,18,46,0.150326797385621,0.3,TRUE,33,3,0.755667079947842,1,0,1,3,2
1250,14,18,0.0989010989010989,0.6,FALSE,0,3,0,0.666666666666667,1,1,3,1
1251,19,35,0.10233918128655,0,FALSE,0,3,0,1,0,0,3,1
1252,21,48,0.114285714285714,0.6,TRUE,22,4.1,0.755468179008982,1,0,2,5,1
1253,22,61,0.132034632034632,0,FALSE,0,3,0,1,0,1,5,4
1254,14,26,0.142857142857143,0,FALSE,0,3,0,1,0,0,3,1
1255,14,23,0.126373626373626,0.3,FALSE,0,3,0,1,0,1,2,1
1256,16,27,0.1125,0.3,FALSE,0,3,0,1,2,2,6,1
1257,16,21,0.0875,0.3,FALSE,0,3,0,1,0,1,3,2
1258,22,45,0.0974025974025974,0.3,TRUE,13,3.33333333333333,0.778646621251485,1,2,1,6,1
1259,14,18,0.0989010989010989,0.3,FALSE,0,3,0,1,1,2,2,1
1260,18,30,0.0980392156862745,0,FALSE,0,3,0,1,1,1,5,1
1261,22,43,0.0930735930735931,0.3,TRUE,3,3,0.610291379531832,1,2,0,4,2
1262,18,31,0.101307189542484,0.6,TRUE,6,3,0.628522974406267,1,1,1,5,1
1263,17,24,0.0882352941176471,0,FALSE,0,3,0,1,1,1,2,1
1264,17,22,0.0808823529411765,0,FALSE,0,3,0,0.25,3,1,4,1
1265,17,29,0.106617647058824,0.6,TRUE,4,3,0.651825660264162,1,0,1,5,1
1266,15,21,0.1,0.6,TRUE,4,3.83333333333333,0.526769969624462,1,2,1,3,2
1267,12,11,0.0833333333333333,0,FALSE,0,3,0,0,0,1,2,1
1268,19,34,0.0994152046783626,0.6,TRUE,10,3.75,0.794420305469395,0,1,1,2,1
1269,20,40,0.105263157894737,0,FALSE,0,3,0,1,1,2,4,3
1270,18,40,0.130718954248366,0.3,TRUE,1,3,0.45,1,2,1,3,2
1271,16,33,0.1375,0.6,TRUE,6,3.88888888888889,0.608963944918888,1,1,1,3,1
1272,17,25,0.0919117647058824,0.6,FALSE,0,3,0,0.75,2,1,4,1
1273,23,44,0.0869565217391304,0.3,TRUE,5,3.21428571428571,0.639505082914948,1,1,1,5,3
1274,24,47,0.0851449275362319,0.6,TRUE,6,4.47619047619048,0.639526172616161,1,2,2,5,2
1275,15,21,0.1,0,FALSE,0,3,0,1,2,1,3,2
1276,16,31,0.129166666666667,0.3,TRUE,4,3,0.707569425797779,1,2,1,2,1
1277,19,28,0.0818713450292398,0.3,FALSE,0,3,0,1,2,2,3,1
1278,16,23,0.0958333333333333,0,FALSE,0,3,0,1,2,2,3,1
1279,20,36,0.0947368421052632,0.3,TRUE,5,3.33333333333333,0.550524068920722,1,1,2,6,1
1280,19,41,0.119883040935673,0.6,TRUE,19,4.33333333333333,0.663604546722213,1,2,3,3,2
1281,23,65,0.128458498023715,0.3,TRUE,2,3,0.537236600094551,1,1,2,5,3
1282,16,23,0.0958333333333333,0.3,TRUE,3,3,0.561334226413145,1,1,2,4,1
1283,18,35,0.11437908496732,0,FALSE,0,3,0,1,0,2,5,3
1284,17,42,0.154411764705882,0.6,TRUE,6,3,0.624844818931134,1,1,0,3,2
1285,21,34,0.080952380952381,0,FALSE,0,3,0,0.666666666666667,2,2,3,1
1286,17,31,0.113970588235294,0.6,TRUE,6,3,0.696220532991472,1,0,1,2,2
1287,16,23,0.0958333333333333,0.3,FALSE,0,3,0,0,0,0,2,1
1288,22,47,0.101731601731602,0,FALSE,0,3,0,1,1,2,6,4
1289,19,24,0.0701754385964912,0,FALSE,0,3,0,1,2,1,2,1
1290,23,42,0.08300395256917,0,FALSE,0,3,0,1,0,1,6,2
1291,13,24,0.153846153846154,0,FALSE,0,3,0,1,0,2,2,2
1292,14,14,0.0769230769230769,0.3,FALSE,0,3,0,0.6,1,1,5,1
1293,15,32,0.152380952380952,0,FALSE,0,3,0,1,1,2,2,3
1294,22,33,0.0714285714285714,0.6,FALSE,0,3,0,1,0,1,5,1
1295,17,40,0.147058823529412,0.6,TRUE,9,3.33333333333333,0.681857026291665,1,0,0,2,2
1296,21,38,0.0904761904761905,0.3,TRUE,2,3,0.45,1,0,2,6,2
1297,20,28,0.0736842105263158,0.6,FALSE,0,3,0,1,1,1,5,1
1298,25,63,0.105,0.3,TRUE,62,3.4,0.855427235177935,1,1,1,5,2
1299,12,15,0.113636363636364,0,FALSE,0,3,0,1,2,0,2,1
1300,19,26,0.0760233918128655,0.6,TRUE,2,3.25,0.544773507482739,0.666666666666667,1,0,6,1
1301,19,28,0.0818713450292398,0,FALSE,0,3,0,1,0,0,6,2
1302,21,43,0.102380952380952,0.6,TRUE,5,3.5,0.550510735021583,1,1,1,4,1
1303,25,54,0.09,0,FALSE,0,3,0,1,1,1,5,3
1304,13,12,0.0769230769230769,0,FALSE,0,3,0,1,0,0,4,1
1305,14,18,0.0989010989010989,0.3,FALSE,0,3,0,1,1,2,3,1
1306,18,38,0.124183006535948,0.3,TRUE,8,3,0.59700683821634,1,1,0,4,3
1307,20,32,0.0842105263157895,0,FALSE,0,3,0,1,1,2,6,1
1308,18,33,0.107843137254902,0,FALSE,0,3,0,1,0,2,6,2
1309,16,30,0.125,0.3,TRUE,3,3,0.561334226413144,1,0,3,4,1
1310,18,24,0.0784313725490196,0,FALSE,0,3,0,0,3,0,4,1
1311,17,36,0.132352941176471,0.6,TRUE,16,3,0.786508025654946,1,2,3,2,1
1312,21,23,0.0547619047619048,0,FALSE,0,3,0,0.2,0,0,5,1
1313,19,45,0.131578947368421,0.6,TRUE,13,3.5,0.659507054344543,1,2,1,2,3
1314,24,61,0.110507246376812,0,FALSE,0,3,0,1,1,0,4,2
1315,18,27,0.0882352941176471,0.3,FALSE,0,3,0,1,1,2,3,2
1316,17,27,0.0992647058823529,0,FALSE,0,3,0,1,0,1,4,1
1317,16,24,0.1,0,FALSE,0,3,0,1,0,0,5,1
1318,13,19,0.121794871794872,0.6,TRUE,2,3.75,0.526769969624462,1,1,1,2,1
1319,17,29,0.106617647058824,0.3,TRUE,2,3,0.53723660009455,0.666666666666667,1,1,3,1
1320,21,49,0.116666666666667,0.6,TRUE,12,3.5,0.69137888084236,1,1,1,6,1
1321,21,44,0.104761904761905,0.6,TRUE,33,3.66666666666667,0.706218334347912,1,1,1,3,4
1322,19,39,0.114035087719298,0.6,TRUE,7,3,0.595613332689666,1,0,1,4,2
1323,13,21,0.134615384615385,0,FALSE,0,3,0,1,1,1,5,1
1324,20,45,0.118421052631579,0,FALSE,0,3,0,1,1,1,3,1
1325,23,46,0.0909090909090909,0.3,TRUE,5,4,0.613800618337233,1,3,2,4,1
1326,18,29,0.0947712418300654,0,FALSE,0,3,0,1,3,0,2,1
1327,19,34,0.0994152046783626,0.6,TRUE,5,3.33333333333333,0.620878347657547,1,1,0,4,1
1328,21,50,0.119047619047619,0.3,FALSE,0,3,0,1,2,3,3,3
1329,22,38,0.0822510822510823,0.6,TRUE,6,3.66666666666667,0.611005882337217,1,3,4,4,2
1330,21,41,0.0976190476190476,0.6,TRUE,5,4.6,0.624966692422727,1,1,1,4,2
1331,19,33,0.0964912280701754,0.3,TRUE,3,3,0.535143201751225,1,2,1,2,4
1332,21,51,0.121428571428571,0.3,TRUE,49,3.5,0.772286143777788,1,2,1,2,2
1333,22,53,0.114718614718615,0.6,TRUE,5,3.375,0.573669133283644,1,2,1,4,3
1334,18,44,0.143790849673203,0.6,TRUE,6,3,0.678279841865417,1,0,1,2,2
1335,20,38,0.1,0,FALSE,0,3,0,1,1,1,6,1
1336,20,42,0.110526315789474,0.6,FALSE,0,3.25,0,1,1,2,4,4
1337,14,19,0.104395604395604,0,FALSE,0,3,0,1,1,1,2,1
1338,20,50,0.131578947368421,0.3,FALSE,0,3,0,1,0,2,3,5
1339,19,45,0.131578947368421,0.6,TRUE,30,3,0.832902579671634,1,2,2,2,2
1340,19,34,0.0994152046783626,0,FALSE,0,3,0,0.75,2,1,4,1
1341,12,14,0.106060606060606,0.6,TRUE,3,3,0.593361270902948,1,1,1,4,1
1342,16,19,0.0791666666666667,0,FALSE,0,3,0,1,1,2,2,1
1343,22,45,0.0974025974025974,0,FALSE,0,3,0,1,0,3,5,3
1344,17,31,0.113970588235294,0.3,TRUE,3,3,0.613784070945203,1,0,0,3,1
1345,22,52,0.112554112554113,0,FALSE,0,3,0,1,3,1,4,2
1346,18,31,0.101307189542484,0.3,FALSE,0,3,0,1,1,1,2,1
1347,14,24,0.131868131868132,0,FALSE,0,3,0,1,2,1,3,2
1348,16,23,0.0958333333333333,0.6,FALSE,0,3,0,0.5,4,1,2,1
1349,17,21,0.0772058823529412,0.3,FALSE,0,3,0,1,0,3,6,1
1350,19,25,0.0730994152046784,0.6,FALSE,0,3,0,0.6,1,2,5,1
1351,18,29,0.0947712418300654,0.3,FALSE,0,3,0,1,1,1,3,1
1352,19,33,0.0964912280701754,0,FALSE,0,3,0,1,2,2,6,1
1353,16,31,0.129166666666667,0.6,TRUE,11,3,0.675265438395111,1,3,1,2,4
1354,21,57,0.135714285714286,0,FALSE,0,3,0,1,3,2,5,3
1355,18,31,0.101307189542484,0.6,FALSE,0,3,0,0.5,1,3,2,1
1356,16,26,0.108333333333333,0.3,TRUE,1,3,0.45,1,0,1,2,2
1357,17,24,0.0882352941176471,0,FALSE,0,3,0,1,1,3,5,2
1358,20,37,0.0973684210526316,0,FALSE,0,3,0,1,2,0,4,1
1359,22,36,0.0779220779220779,0,FALSE,0,3,0,1,2,2,6,1
1360,21,37,0.0880952380952381,0.3,FALSE,0,3,0,1,2,1,4,1
1361,14,23,0.126373626373626,0.6,TRUE,2,3,0.544773507482739,1,0,0,5,2
1362,18,36,0.117647058823529,0.3,TRUE,5,3.33333333333333,0.450000000000368,1,1,1,5,1
1363,16,31,0.129166666666667,0.6,TRUE,8,3,0.744585852442599,1,1,2,2,1
1364,24,52,0.0942028985507246,0.3,FALSE,0,3,0,1,1,1,5,2
1365,13,16,0.102564102564103,0.6,TRUE,1,3,0.45,1,0,1,4,1
1366,16,41,0.170833333333333,0.6,TRUE,26,3.5,0.766359446263011,1,0,1,2,1
1367,15,21,0.1,0.6,FALSE,0,3,0,1,0,0,2,1
1368,21,39,0.0928571428571429,0.6,TRUE,10,3.5,0.557301977005231,0.6,2,1,5,1
1369,16,27,0.1125,0.3,TRUE,2,3.77777777777778,0.45,1,1,0,3,2
1370,17,30,0.110294117647059,0.6,TRUE,7,3,0.641710662146995,1,0,4,5,1
1371,19,26,0.0760233918128655,0.6,TRUE,1,4.64705882352941,0.534200463383421,1,1,0,6,1
1372,25,43,0.0716666666666667,0,FALSE,0,3,0,1,1,2,6,4
1373,24,53,0.0960144927536232,0.3,TRUE,7,3.7,0.689416761998878,1,0,0,5,4
1374,23,46,0.0909090909090909,0.6,TRUE,31,4.08333333333333,0.677467850027065,1,1,0,6,2
1375,18,35,0.11437908496732,0.6,TRUE,5,3,0.620878347657547,1,1,0,5,1
1376,22,33,0.0714285714285714,0,FALSE,0,3,0,1,3,0,6,1
1377,22,56,0.121212121212121,0.6,TRUE,7,3.46666666666667,0.662541680718335,1,1,0,5,1
1378,18,26,0.0849673202614379,0.6,TRUE,1,3,0.45,1,1,3,6,1
1379,16,23,0.0958333333333333,0,FALSE,0,3,0,1,2,0,6,1
1380,22,39,0.0844155844155844,0.6,FALSE,0,3.90909090909091,0,1,0,0,6,1
1381,12,14,0.106060606060606,0,FALSE,0,3,0,1,0,3,2,1
1382,15,18,0.0857142857142857,0,FALSE,0,3,0,1,0,2,3,3
1383,19,22,0.064327485380117,0.3,FALSE,0,3,0,1,1,0,6,1
1384,20,43,0.113157894736842,0,FALSE,0,3,0,1,1,2,6,4
1385,22,34,0.0735930735930736,0,FALSE,0,3,0,1,2,0,5,1
1386,22,56,0.121212121212121,0.6,TRUE,16,3.875,0.813663006272591,1,1,1,4,2
1387,19,32,0.0935672514619883,0.3,FALSE,0,3,0,1,1,0,5,1
1388,13,22,0.141025641025641,0.6,TRUE,3,3,0.610291379531833,1,1,1,2,1
1389,18,39,0.127450980392157,0.6,TRUE,8,3.375,0.562377112047602,1,1,0,4,2
1390,19,34,0.0994152046783626,0.6,FALSE,0,3,0,1,3,1,5,1
1391,17,22,0.0808823529411765,0.3,FALSE,0,3,0,1,1,2,3,1
1392,23,56,0.110671936758893,0.3,TRUE,4,3.61538461538462,0.593733683341027,1,2,2,4,4
1393,16,24,0.1,0.3,FALSE,0,3,0,1,1,0,3,1
1394,21,23,0.0547619047619048,0.3,FALSE,0,3,0,0.5,1,2,6,1
1395,18,30,0.0980392156862745,0,FALSE,0,3,0,1,4,0,4,1
1396,15,18,0.0857142857142857,0.3,FALSE,0,3,0,1,0,0,2,3
1397,12,19,0.143939393939394,0.3,FALSE,0,3,0,1,2,2,2,2
1398,22,45,0.0974025974025974,0.3,TRUE,1,3,0.45,1,1,0,6,1
1399,21,27,0.0642857142857143,0,FALSE,0,3,0,1,2,0,5,2
1400,15,21,0.1,0.6,TRUE,5,4,0.573669133283645,1,0,2,5,1
1401,12,17,0.128787878787879,0.3,TRUE,3,3.33333333333333,0.450000000000001,1,1,2,3,1
1402,20,41,0.107894736842105,0.3,FALSE,0,3,0,1,0,1,2,5
1403,21,52,0.123809523809524,0.6,TRUE,11,3.66666666666667,0.76139713074986,1,1,4,3,4
1404,20,27,0.0710526315789474,0,FALSE,0,3,0,1,1,0,6,1
1405,19,38,0.111111111111111,0.6,TRUE,18,3,0.734559323406257,1,0,0,3,2
1406,20,34,0.0894736842105263,0.3,FALSE,0,3,0,1,3,1,5,1
1407,16,34,0.141666666666667,0.3,TRUE,23,3,0.694355996402833,1,1,1,4,2
1408,16,24,0.1,0,FALSE,0,3,0,0.75,3,1,4,1
1409,15,20,0.0952380952380952,0.6,TRUE,4,3,0.64672021939506,1,0,1,3,3
1410,16,30,0.125,0.6,TRUE,3,3.375,0.512662634067508,1,1,2,4,1
1411,22,36,0.0779220779220779,0,FALSE,0,3,0,1,1,1,5,1
1412,16,24,0.1,0.6,FALSE,0,3,0,1,2,1,5,1
1413,14,16,0.0879120879120879,0.6,FALSE,0,3,0,1,3,2,4,1
1414,19,30,0.087719298245614,0,FALSE,0,3,0,1,3,0,2,2
1415,16,24,0.1,0.6,TRUE,3,3,0.563387127003938,1,1,1,5,1
1416,17,20,0.0735294117647059,0.3,FALSE,0,3,0,1,2,1,3,1
1417,17,21,0.0772058823529412,0.6,FALSE,0,3,0,1,1,1,3,1
1418,20,42,0.110526315789474,0.6,TRUE,61,3.4,0.901144656747042,1,3,3,5,1
1419,22,39,0.0844155844155844,0.6,TRUE,7,3.25,0.588174320944181,1,2,1,6,1
1420,19,41,0.119883040935673,0.3,TRUE,6,3,0.657536252568835,1,2,0,6,1
1421,21,55,0.130952380952381,0,FALSE,0,3,0,1,2,0,6,1
1422,20,41,0.107894736842105,0,FALSE,0,3,0,1,3,2,5,1
1423,12,11,0.0833333333333333,0,FALSE,0,3,0,1,0,1,4,1
1424,18,21,0.0686274509803922,0.3,TRUE,2,3,0.532688318351191,1,1,3,6,1
1425,21,51,0.121428571428571,0.6,TRUE,20,3.57142857142857,0.840089192078963,1,2,1,3,2
1426,19,34,0.0994152046783626,0,FALSE,0,3,0,1,1,2,6,2
1427,20,45,0.118421052631579,0.6,TRUE,8,3,0.673276551680636,1,1,2,6,2
1428,18,26,0.0849673202614379,0.3,FALSE,0,3,0,1,1,1,6,1
1429,18,38,0.124183006535948,0,FALSE,0,3,0,1,2,1,5,2
1430,19,39,0.114035087719298,0,FALSE,0,3,0,1,0,1,4,1
1431,16,29,0.120833333333333,0.6,TRUE,17,4.25,0.586605226454583,1,1,0,2,3
1432,21,32,0.0761904761904762,0.3,FALSE,0,3,0,1,2,2,5,1
1433,25,66,0.11,0.3,TRUE,13,3.9,0.697476276739377,1,1,1,6,2
1434,16,25,0.104166666666667,0,FALSE,0,3,0,1,2,2,3,1
1435,21,34,0.080952380952381,0.3,TRUE,2,3.75,0.573349072486353,1,0,5,6,3
1436,23,52,0.102766798418972,0,FALSE,0,3,0,1,3,2,6,1
1437,18,28,0.0915032679738562,0,FALSE,0,3,0,1,2,2,4,1
1438,17,43,0.158088235294118,0.6,TRUE,27,3,0.721803247134995,1,0,2,3,2
1439,17,33,0.121323529411765,0.6,TRUE,6,3,0.663597619194046,1,0,0,2,3
1440,22,39,0.0844155844155844,0.3,FALSE,0,3,0,1,2,1,5,1
1441,17,25,0.0919117647058824,0.6,FALSE,0,3,0,1,1,2,5,1
1442,18,37,0.120915032679739,0,FALSE,0,3,0,1,4,1,3,1
1443,20,38,0.1,0.3,TRUE,2,3.77777777777778,0.517933766365992,1,1,3,3,1
1444,21,35,0.0833333333333333,0.6,FALSE,0,3,0,1,3,2,5,1
1445,20,37,0.0973684210526316,0,FALSE,0,3,0,1,2,1,6,1
1446,15,21,0.1,0.6,TRUE,2,3.22222222222222,0.53723660009455,1,1,0,3,1
1447,20,27,0.0710526315789474,0,FALSE,0,3,0,1,1,0,5,1
1448,16,24,0.1,0.3,FALSE,0,3,0,1,1,2,4,1
1449,19,32,0.0935672514619883,0.6,TRUE,3,3,0.571850007067508,1,0,0,6,3
1450,16,32,0.133333333333333,0.3,TRUE,16,3,0.692596576319188,1,1,0,2,2
1451,16,27,0.1125,0.6,TRUE,3,3,0.512662634067508,1,1,0,6,1
1452,22,62,0.134199134199134,0,FALSE,0,3,0,1,1,1,3,1
1453,21,49,0.116666666666667,0.3,FALSE,0,3,0,1,2,1,6,2
1454,17,26,0.0955882352941176,0.6,TRUE,9,3.75,0.691614479002428,1,0,3,4,2
1455,18,20,0.065359477124183,0.3,TRUE,2,3,0.517933766365991,1,0,2,4,1
1456,17,27,0.0992647058823529,0.6,TRUE,16,3,0.681057156015358,1,0,2,3,1
1457,18,33,0.107843137254902,0.3,FALSE,0,3,0,1,0,1,3,3
1458,18,27,0.0882352941176471,0,FALSE,0,3,0,1,0,1,2,4
1459,21,44,0.104761904761905,0.6,TRUE,4,3.28571428571429,0.587248813933684,1,1,1,5,1
1460,19,37,0.108187134502924,0.6,TRUE,7,3.375,0.665030836327031,1,1,2,4,2
1461,22,56,0.121212121212121,0,FALSE,0,3,0,1,3,2,3,4
1462,17,28,0.102941176470588,0.6,TRUE,3,3,0.592233305828622,1,0,1,6,1
1463,16,33,0.1375,0.3,FALSE,0,3,0,1,1,1,5,1
1464,19,51,0.149122807017544,0.6,TRUE,44,3,0.752310531162597,1,1,0,4,1
1465,19,34,0.0994152046783626,0.3,FALSE,0,3,0,1,0,1,4,2
1466,19,21,0.0614035087719298,0.6,FALSE,0,3,0,0.6,1,0,5,1
1467,18,32,0.104575163398693,0.3,TRUE,4,3.5,0.651825660264162,1,0,1,5,1
1468,21,34,0.080952380952381,0.6,FALSE,0,3,0,1,2,2,5,2
1469,13,13,0.0833333333333333,0,FALSE,0,3,0,0.666666666666667,0,0,3,1
1470,12,18,0.136363636363636,0.6,FALSE,0,3,0,1,1,0,2,1
1471,19,37,0.108187134502924,0,FALSE,0,3,0,1,1,2,4,3
1472,22,45,0.0974025974025974,0,FALSE,0,3,0,1,0,1,5,2
1473,19,31,0.0906432748538012,0,FALSE,0,3,0,1,0,1,4,1
1474,19,30,0.087719298245614,0.3,FALSE,0,3,0,0.5,3,0,6,1
1475,15,18,0.0857142857142857,0.3,FALSE,0,3,0,1,3,1,3,1
1476,15,20,0.0952380952380952,0.3,TRUE,1,3,0.45,1,0,2,4,1
1477,16,28,0.116666666666667,0.6,TRUE,1,3,0.45,1,3,2,2,1
1478,21,30,0.0714285714285714,0.6,TRUE,2,4.33333333333333,0.535143201751225,1,2,1,6,3
1479,17,27,0.0992647058823529,0.6,TRUE,5,3.25,0.677169386737786,1,4,0,4,1
1480,15,24,0.114285714285714,0.6,TRUE,1,3,0.45,0.5,1,1,2,1
1481,19,24,0.0701754385964912,0,FALSE,0,3,0,1,1,2,2,2
1482,20,51,0.134210526315789,0.6,TRUE,3,3,0.584113474067777,1,2,2,5,2
1483,16,34,0.141666666666667,0.3,TRUE,1,3,0.45,1,0,1,2,4
1484,16,25,0.104166666666667,0,FALSE,0,3,0,1,0,1,2,2
1485,22,52,0.112554112554113,0.3,TRUE,3,3.35714285714286,0.561334226413144,1,1,0,5,1
1486,16,31,0.129166666666667,0.6,TRUE,12,3,0.623202105691581,1,2,2,6,1
1487,15,26,0.123809523809524,0,FALSE,0,3,0,1,2,1,3,1
1488,16,24,0.1,0.6,TRUE,7,5.25,0.620351922520004,1,3,0,4,1
1489,17,30,0.110294117647059,0.6,TRUE,5,3.625,0.696220532991471,1,3,0,4,1
1490,19,32,0.0935672514619883,0,FALSE,0,3,0,1,1,1,3,3
1491,20,38,0.1,0,FALSE,0,3,0,1,1,0,3,2
1492,20,22,0.0578947368421053,0.6,FALSE,0,3,0,0.333333333333333,2,1,6,1
1493,19,39,0.114035087719298,0.6,TRUE,3,3.33333333333333,0.563387127003939,1,1,2,6,3
1494,20,43,0.113157894736842,0.3,TRUE,3,3,0.45,1,2,2,3,2
1495,13,16,0.102564102564103,0.3,FALSE,0,3,0,0.5,0,0,4,1
1496,23,53,0.104743083003953,0.3,TRUE,12,3.33333333333333,0.734393419198799,1,3,1,5,1
1497,17,22,0.0808823529411765,0.6,FALSE,0,3,0,0.833333333333333,1,2,6,1
1498,16,36,0.15,0.6,TRUE,14,3.83333333333333,0.63294571343643,1,4,1,3,2
1499,19,41,0.119883040935673,0,FALSE,0,3,0,1,0,1,6,2
1500,19,32,0.0935672514619883,0,FALSE,0,3,0,1,2,3,5,1
1501,23,39,0.0770750988142292,0,FALSE,0,3,0,1,2,0,5,1
1502,14,21,0.115384615384615,0.6,TRUE,2,3,0.544773507482739,1,0,0,2,1
1503,16,36,0.15,0.3,TRUE,6,3,0.608562022905442,1,2,1,2,3
1504,18,25,0.0816993464052288,0.6,TRUE,1,3.71428571428571,0.45,1,0,0,4,1
1505,10,10,0.111111111111111,0.3,FALSE,0,3,0,1,1,1,2,2
1506,14,23,0.126373626373626,0.3,FALSE,0,3,0,1,1,0,4,2
1507,21,56,0.133333333333333,0,FALSE,0,3,0,1,1,0,5,2
1508,19,41,0.119883040935673,0,FALSE,0,3,0,1,5,0,4,1
1509,20,45,0.118421052631579,0.6,TRUE,3,3.33333333333333,0.573349072486353,1,1,1,6,1
1510,18,46,0.150326797385621,0.6,TRUE,2,3.3,0.537236600094551,1,2,0,5,2
1511,20,35,0.0921052631578947,0.6,TRUE,10,3.66666666666667,0.653503752087914,1,0,0,2,1
1512,20,55,0.144736842105263,0.3,FALSE,0,3,0,1,1,0,4,1
1513,15,23,0.10952380952381,0.6,TRUE,3,3.5,0.610291379531833,0.666666666666667,4,1,3,2
1514,21,51,0.121428571428571,0,FALSE,0,3,0,1,0,2,3,3
1515,17,38,0.139705882352941,0.6,TRUE,48,3,0.809227107237363,1,2,0,2,1
1516,17,26,0.0955882352941176,0,FALSE,0,3,0,1,0,0,4,2
1517,23,38,0.075098814229249,0,FALSE,0,3,0,1,1,2,6,1
1518,21,39,0.0928571428571429,0,FALSE,0,3,0,1,1,1,5,2
1519,16,25,0.104166666666667,0.3,TRUE,2,3,0.532688318351191,1,2,2,3,1
1520,21,37,0.0880952380952381,0,FALSE,0,3,0,1,0,1,6,3
1521,15,23,0.10952380952381,0.3,FALSE,0,3,0,1,2,1,2,1
1522,21,47,0.111904761904762,0,FALSE,0,3,0,1,1,0,5,4
1523,25,80,0.133333333333333,0.3,TRUE,3,3.38888888888889,0.587248813933684,1,1,2,6,3
1524,16,24,0.1,0.6,TRUE,2,3,0.532688318351191,1,2,2,5,1
1525,20,33,0.0868421052631579,0,FALSE,0,3,0,1,2,1,3,1
1526,23,55,0.108695652173913,0.6,TRUE,6,4.27272727272727,0.577021731508035,1,1,1,5,2
1527,14,17,0.0934065934065934,0.3,FALSE,0,3,0,1,0,2,4,1
1528,20,31,0.0815789473684211,0.3,FALSE,0,3,0,1,0,0,5,3
1529,18,32,0.104575163398693,0.3,FALSE,0,3,0,1,3,2,3,1
1530,17,21,0.0772058823529412,0.6,FALSE,0,3,0,0.8,2,1,5,1
1531,19,27,0.0789473684210526,0.6,TRUE,2,3.2,0.535143201751225,0.833333333333333,0,0,6,2
1532,13,18,0.115384615384615,0.3,TRUE,1,3,0.45,0.5,0,0,2,1
1533,20,34,0.0894736842105263,0.3,TRUE,2,3,0.45,1,2,0,2,2
1534,17,28,0.102941176470588,0.6,TRUE,4,3,0.514343408063649,1,1,1,2,4
1535,25,62,0.103333333333333,0.3,FALSE,0,3,0,1,1,0,6,3
1536,18,25,0.0816993464052288,0,FALSE,0,3,0,0.333333333333333,0,0,6,1
1537,14,16,0.0879120879120879,0.3,TRUE,2,3.5,0.534200463383421,1,1,3,2,1
1538,16,25,0.104166666666667,0.6,TRUE,6,3,0.563928787203727,1,1,1,2,4
1539,16,22,0.0916666666666667,0.3,FALSE,0,3,0,0.666666666666667,0,1,3,1
1540,19,40,0.116959064327485,0.3,FALSE,0,3,0,1,1,2,3,1
1541,23,64,0.126482213438735,0,FALSE,0,3,0,1,1,3,5,1
1542,13,20,0.128205128205128,0.6,TRUE,3,3,0.512662634067508,1,0,1,5,1
1543,16,28,0.116666666666667,0.3,TRUE,3,3,0.593361270902949,1,3,0,3,1
1544,11,11,0.1,0.6,FALSE,0,3,0,0.5,1,1,2,1
1545,21,44,0.104761904761905,0.6,TRUE,1,3.66666666666667,0.45,1,1,0,2,2
1546,13,19,0.121794871794872,0,FALSE,0,3,0,1,0,0,2,1
1547,19,30,0.087719298245614,0,FALSE,0,3,0,0.5,1,1,6,1
1548,21,34,0.080952380952381,0.3,TRUE,2,3,0.53723660009455,1,0,2,3,3
1549,17,40,0.147058823529412,0.3,TRUE,20,3,0.660054747162574,1,1,0,4,1
1550,17,41,0.150735294117647,0.6,TRUE,38,3,0.842284303119415,1,1,1,2,4
1551,22,51,0.11038961038961,0.3,FALSE,0,3,0,1,0,2,5,3
1552,17,30,0.110294117647059,0.6,FALSE,0,3,0,1,0,0,5,1
1553,22,41,0.0887445887445888,0,FALSE,0,3,0,1,0,0,2,1
1554,22,38,0.0822510822510823,0.6,TRUE,17,3.26666666666667,0.708544036080583,1,2,3,5,2
1555,21,28,0.0666666666666667,0,FALSE,0,3,0,0.666666666666667,1,0,3,1
1556,13,16,0.102564102564103,0.3,FALSE,0,3,0,0.5,1,0,4,1
1557,19,38,0.111111111111111,0.3,TRUE,15,4,0.807050887314728,1,1,1,4,1
1558,21,49,0.116666666666667,0.6,TRUE,16,4.25,0.737555730251241,1,1,1,3,4
1559,16,19,0.0791666666666667,0,FALSE,0,3,0,1,1,3,4,1
1560,15,23,0.10952380952381,0.3,TRUE,1,3,0.45,1,1,1,6,1
1561,14,15,0.0824175824175824,0.6,TRUE,1,3,0.45,0.5,0,1,2,1
1562,15,22,0.104761904761905,0,FALSE,0,3,0,1,1,1,3,1
1563,16,40,0.166666666666667,0.3,TRUE,5,3.33333333333333,0.566964472452693,1,0,0,4,2
1564,17,23,0.0845588235294118,0,FALSE,0,3,0,1,1,1,6,2
1565,21,49,0.116666666666667,0.6,TRUE,2,3,0.45,1,1,0,6,3
1566,18,35,0.11437908496732,0,FALSE,0,3,0,1,3,2,2,4
1567,16,19,0.0791666666666667,0.6,TRUE,1,4.66666666666667,0.45,1,2,0,2,2
1568,18,29,0.0947712418300654,0.3,FALSE,0,3,0,1,0,2,3,2
1569,21,51,0.121428571428571,0.6,TRUE,66,3.125,0.77983474110927,1,1,2,4,3
1570,18,35,0.11437908496732,0,FALSE,0,3,0,1,0,0,4,2
1571,17,25,0.0919117647058824,0,FALSE,0,3,0,1,0,1,5,2
1572,13,23,0.147435897435897,0.6,TRUE,9,3,0.716502158338167,1,1,0,2,1
1573,22,51,0.11038961038961,0.6,TRUE,9,3.41666666666667,0.627058183621367,1,1,2,6,2
1574,20,50,0.131578947368421,0.6,TRUE,77,3,0.924118420843333,1,1,0,3,2
1575,17,28,0.102941176470588,0.3,FALSE,0,3,0,1,0,1,5,1
1576,15,22,0.104761904761905,0,FALSE,0,3,0,1,2,1,2,1
1577,21,34,0.080952380952381,0.3,TRUE,2,4.33333333333333,0.516914259748666,1,2,1,6,3
1578,16,26,0.108333333333333,0,FALSE,0,3,0,1,1,1,4,2
1579,21,41,0.0976190476190476,0.3,TRUE,10,4,0.646469494238438,1,2,1,2,2
1580,12,16,0.121212121212121,0.3,FALSE,0,3,0,1,1,0,3,1
1581,17,29,0.106617647058824,0,FALSE,0,3,0,0.5,1,1,6,1
1582,13,19,0.121794871794872,0,FALSE,0,3,0,1,1,0,3,1
1583,16,26,0.108333333333333,0.3,FALSE,0,3,0,1,1,0,2,2
1584,19,29,0.0847953216374269,0.6,TRUE,1,3,0.45,1,1,0,3,2
1585,16,23,0.0958333333333333,0,FALSE,0,3,0,0.666666666666667,1,1,3,1
1586,13,24,0.153846153846154,0.6,TRUE,16,3,0.679687653020074,1,0,0,3,1
1587,21,27,0.0642857142857143,0.6,TRUE,3,4.23076923076923,0.544773507482739,1,1,1,5,1
1588,12,15,0.113636363636364,0,FALSE,0,3,0,1,1,1,2,2
1589,22,42,0.0909090909090909,0.6,TRUE,9,3,0.752290188649106,1,2,1,3,1
1590,15,28,0.133333333333333,0,FALSE,0,3,0,1,2,0,4,1
1591,21,38,0.0904761904761905,0.6,TRUE,2,4.2,0.517933766365991,1,1,1,5,1
1592,22,66,0.142857142857143,0,FALSE,0,3,0,1,1,0,6,4
1593,18,46,0.150326797385621,0.6,TRUE,27,3.5,0.821823840486013,1,2,0,2,2
1594,22,62,0.134199134199134,0.3,TRUE,70,3,0.921758412051421,1,0,2,5,3
1595,21,49,0.116666666666667,0,FALSE,0,3,0,1,0,1,4,3
1596,15,23,0.10952380952381,0.6,TRUE,2,4,0.517933766365991,1,1,1,2,2
1597,20,44,0.115789473684211,0,FALSE,0,3,0,1,1,2,3,2
1598,20,44,0.115789473684211,0.3,TRUE,4,3.22222222222222,0.561334226413144,0.8,1,0,5,3
1599,19,41,0.119883040935673,0.3,FALSE,0,3,0,1,1,1,3,3
1600,15,27,0.128571428571429,0,FALSE,0,3,0,1,0,0,3,2
1601,20,37,0.0973684210526316,0.3,TRUE,2,3.71428571428571,0.53723660009455,1,1,1,4,1
1602,20,48,0.126315789473684,0.6,TRUE,31,3.6,0.670454182300746,1,1,1,5,1
1603,19,36,0.105263157894737,0,FALSE,0,3,0,1,2,0,5,2
1604,20,34,0.0894736842105263,0,FALSE,0,3,0,1,1,1,6,2
1605,21,37,0.0880952380952381,0.6,TRUE,13,3.33333333333333,0.668580168945259,1,2,3,4,1
1606,14,18,0.0989010989010989,0,FALSE,0,3,0,1,1,3,2,1
1607,14,19,0.104395604395604,0.3,FALSE,0,3,0,1,0,0,4,1
1608,19,38,0.111111111111111,0.6,TRUE,1,3,0.45,1,0,2,2,1
1609,17,31,0.113970588235294,0.3,TRUE,1,3,0.45,1,1,1,4,1
1610,18,37,0.120915032679739,0.3,TRUE,4,3.5,0.618026120406733,1,2,1,3,3
1611,18,29,0.0947712418300654,0.6,TRUE,3,3.16666666666667,0.636396103067893,0.666666666666667,2,1,6,1
1612,16,27,0.1125,0.3,FALSE,0,3,0,0.666666666666667,0,0,3,1
1613,20,51,0.134210526315789,0.3,TRUE,2,3.16666666666667,0.516914259748666,1,2,0,4,2
1614,18,30,0.0980392156862745,0,FALSE,0,3,0,1,2,0,3,1
1615,17,32,0.117647058823529,0.3,TRUE,4,3,0.569725680983232,1,0,3,5,1
1616,13,14,0.0897435897435897,0.3,FALSE,0,3,0,1,2,1,4,1
1617,24,62,0.11231884057971,0,FALSE,0,3,0,1,0,0,6,2
1618,18,37,0.120915032679739,0.3,TRUE,11,3.8,0.649666277130433,1,2,1,5,2
1619,14,18,0.0989010989010989,0.3,TRUE,1,3,0.45,0.5,1,1,4,1
1620,20,58,0.152631578947368,0.6,TRUE,12,3.2,0.701940756275765,1,2,0,5,4
1621,23,55,0.108695652173913,0.6,TRUE,102,3.85,0.863454864004793,1,1,1,5,3
1622,25,66,0.11,0.6,TRUE,8,4.7,0.608833353890877,1,1,3,5,4
1623,20,38,0.1,0.3,TRUE,4,3,0.574968131248993,1,1,0,6,2
1624,18,24,0.0784313725490196,0.6,FALSE,0,3,0,1,0,2,6,1
1625,19,35,0.10233918128655,0,FALSE,0,3,0,1,2,1,3,2
1626,19,44,0.128654970760234,0.3,TRUE,19,3,0.679605716424369,1,0,0,6,2
1627,25,65,0.108333333333333,0.3,TRUE,476,3.38888888888889,0.892594665789071,1,3,1,6,3
1628,12,14,0.106060606060606,0.6,FALSE,0,3,0,1,1,0,2,1
1629,17,28,0.102941176470588,0,FALSE,0,3,0,1,2,0,4,2
1630,17,44,0.161764705882353,0.6,TRUE,15,4,0.631248980759415,1,0,0,2,4
1631,25,69,0.115,0,FALSE,0,3,0,1,1,1,6,1
1632,22,47,0.101731601731602,0.6,TRUE,27,3.33333333333333,0.787820952237788,1,0,2,4,2
1633,18,23,0.0751633986928105,0,FALSE,0,3,0,1,2,0,3,1
1634,12,18,0.136363636363636,0.6,FALSE,0,3,0,1,1,0,4,1
1635,18,23,0.0751633986928105,0,FALSE,0,3,0,0.5,2,1,2,2
1636,18,18,0.0588235294117647,0,FALSE,0,3,0,0.6,0,2,5,1
1637,20,34,0.0894736842105263,0,FALSE,0,3,0,0.833333333333333,1,2,6,1
1638,23,59,0.116600790513834,0,FALSE,0,3,0,1,2,0,5,3
1639,16,22,0.0916666666666667,0.3,FALSE,0,3,0,1,1,3,5,3
1640,20,38,0.1,0.3,FALSE,0,3,0,1,1,2,2,3
1641,22,37,0.0800865800865801,0.6,TRUE,12,3.75,0.631446387996738,1,3,3,6,1
1642,23,61,0.120553359683794,0,FALSE,0,3,0,1,2,2,4,2
1643,22,50,0.108225108225108,0.3,TRUE,13,3.41666666666667,0.631757670203456,1,1,2,6,1
1644,20,41,0.107894736842105,0.6,TRUE,6,3,0.613800618337233,1,2,1,3,1
1645,17,38,0.139705882352941,0,FALSE,0,3,0,1,2,0,4,1
1646,20,40,0.105263157894737,0,FALSE,0,3,0,0.75,1,1,4,1
1647,19,30,0.087719298245614,0.6,TRUE,1,3,0.45,1,1,1,6,1
1648,17,32,0.117647058823529,0,FALSE,0,3,0,1,2,1,2,2
1649,13,16,0.102564102564103,0.3,TRUE,4,3,0.544773507482739,1,0,1,3,1
1650,20,40,0.105263157894737,0.6,FALSE,0,3,0,0.6,2,0,5,1
1651,22,30,0.0649350649350649,0,FALSE,0,3,0,1,0,1,4,2
1652,18,32,0.104575163398693,0.3,TRUE,1,3.6,0.45,1,2,0,4,3
1653,20,49,0.128947368421053,0.6,TRUE,36,3,0.788826182279204,1,1,1,2,2
1654,23,56,0.110671936758893,0.6,TRUE,7,3,0.731256076175717,1,2,2,2,1
1655,20,39,0.102631578947368,0,FALSE,0,3,0,1,2,0,4,2
1656,22,49,0.106060606060606,0.6,TRUE,7,3.57142857142857,0.625229324714854,1,1,1,4,4
1657,22,45,0.0974025974025974,0.6,TRUE,21,3.73333333333333,0.696053915716345,1,2,1,5,2
1658,21,36,0.0857142857142857,0.6,TRUE,8,3.33333333333333,0.695430609015388,1,1,1,6,1
1659,19,28,0.0818713450292398,0.3,FALSE,0,3,0,0.75,1,2,4,1
1660,19,35,0.10233918128655,0.3,FALSE,0,3,0,1,3,0,5,2
1661,23,42,0.08300395256917,0.3,FALSE,0,3,0,1,3,2,6,2
1662,18,28,0.0915032679738562,0,FALSE,0,3,0,0.833333333333333,1,2,6,1
1663,20,39,0.102631578947368,0,FALSE,0,3,0,0.833333333333333,0,0,6,1
1664,19,40,0.116959064327485,0,FALSE,0,3,0,1,0,2,3,1
1665,18,31,0.101307189542484,0,FALSE,0,3,0,1,3,0,2,1
1666,16,28,0.116666666666667,0,FALSE,0,3,0,1,2,0,3,1
1667,19,35,0.10233918128655,0.3,TRUE,14,3.41666666666667,0.805821643549483,1,3,0,6,1
1668,18,31,0.101307189542484,0.6,TRUE,3,3,0.593361270902949,1,2,0,2,4
1669,19,38,0.111111111111111,0.6,TRUE,10,4,0.606421772864798,1,3,0,2,1
1670,18,37,0.120915032679739,0.6,TRUE,37,3,0.762417420824355,1,3,2,2,4
1671,21,41,0.0976190476190476,0.6,TRUE,8,4.33333333333333,0.59686735503704,1,0,2,6,2
1672,13,13,0.0833333333333333,0,FALSE,0,3,0,0.75,0,2,4,1
1673,20,41,0.107894736842105,0,FALSE,0,3,0,1,0,0,4,2
1674,18,24,0.0784313725490196,0,FALSE,0,3,0,0.833333333333333,1,0,6,1
1675,23,36,0.0711462450592885,0,FALSE,0,3,0,0.8,0,3,5,1
1676,16,28,0.116666666666667,0,FALSE,0,3,0,1,1,0,4,2
1677,24,61,0.110507246376812,0.3,TRUE,5,3.6,0.574968131248994,1,3,1,4,3
1678,22,47,0.101731601731602,0.3,TRUE,2,3.46153846153846,0.516914259748666,1,1,0,6,1
1679,16,21,0.0875,0.6,FALSE,0,3,0,1,1,2,6,1
1680,17,27,0.0992647058823529,0.6,TRUE,2,3,0.544773507482739,1,0,0,5,1
1681,21,50,0.119047619047619,0.3,TRUE,6,4,0.613800618337233,1,0,2,4,3
1682,23,37,0.0731225296442688,0.6,TRUE,4,3.5,0.517453614558693,1,2,2,3,2
1683,15,28,0.133333333333333,0,FALSE,0,3,0,1,1,0,2,3
1684,24,58,0.105072463768116,0.6,TRUE,106,3.25,0.973654057331552,1,1,1,4,2
1685,13,16,0.102564102564103,0,FALSE,0,3,0,1,1,0,4,1
1686,21,48,0.114285714285714,0.3,TRUE,6,3.19047619047619,0.652953964247614,1,0,1,6,2
1687,11,10,0.0909090909090909,0,FALSE,0,3,0,1,2,1,2,1
1688,16,20,0.0833333333333333,0,FALSE,0,3,0,1,1,0,2,1
1689,19,46,0.134502923976608,0,FALSE,0,3,0,1,3,1,4,1
1690,18,38,0.124183006535948,0,FALSE,0,3,0,1,0,1,2,1
1691,21,39,0.0928571428571429,0.6,TRUE,5,3.6,0.630570765572935,1,3,1,6,2
1692,17,24,0.0882352941176471,0.3,FALSE,0,3,0,1,0,0,4,2
1693,22,57,0.123376623376623,0.3,TRUE,29,3.6,0.627335372788881,1,2,1,4,1
1694,23,40,0.0790513833992095,0,FALSE,0,3,0,0.8,1,1,5,2
1695,13,19,0.121794871794872,0.6,TRUE,4,3,0.519000382724098,1,1,1,2,2
1696,24,61,0.110507246376812,0,FALSE,0,3,0,1,2,2,4,2
1697,20,43,0.113157894736842,0.6,TRUE,1,3,0.45,1,1,0,6,1
1698,18,36,0.117647058823529,0,FALSE,0,3,0,1,1,1,5,1
1699,17,19,0.0698529411764706,0,FALSE,0,3,0,1,0,0,2,3
1700,24,63,0.114130434782609,0.6,TRUE,8,3,0.67526543839511,1,0,0,6,2
1701,17,30,0.110294117647059,0.6,FALSE,0,3,0,1,1,1,3,1
1702,17,29,0.106617647058824,0.6,TRUE,1,3,0.45,1,0,1,2,2
1703,17,30,0.110294117647059,0.6,TRUE,5,3.66666666666667,0.551817198044066,1,0,0,2,2
1704,15,19,0.0904761904761905,0.3,FALSE,0,3,0,1,0,0,4,1
1705,19,43,0.125730994152047,0.6,TRUE,5,3,0.631934392851755,1,3,1,5,3
1706,17,46,0.169117647058824,0.3,TRUE,34,3.33333333333333,0.662066484069181,1,1,2,2,1
1707,16,22,0.0916666666666667,0.3,FALSE,0,3,0,1,1,1,5,1
1708,18,20,0.065359477124183,0.3,FALSE,0,3,0,1,1,1,6,1
1709,17,37,0.136029411764706,0,FALSE,0,3,0,1,1,1,3,3
1710,21,44,0.104761904761905,0.3,FALSE,0,3,0,0.666666666666667,0,0,6,2
1711,22,60,0.12987012987013,0.6,TRUE,19,3.23529411764706,0.75288887625979,1,2,1,4,5
1712,17,27,0.0992647058823529,0.3,TRUE,9,3.5,0.637007361813582,1,0,1,4,4
1713,16,20,0.0833333333333333,0,FALSE,0,3,0,0.5,0,1,2,1
1714,19,42,0.12280701754386,0.6,TRUE,11,3,0.554724255480034,1,1,0,6,3
1715,14,16,0.0879120879120879,0,FALSE,0,3,0,0.333333333333333,1,1,6,1
1716,18,38,0.124183006535948,0.6,TRUE,2,3,0.517933766365991,1,1,1,3,2
1717,17,31,0.113970588235294,0.3,TRUE,2,3,0.53723660009455,1,0,1,5,1
1718,20,37,0.0973684210526316,0.3,FALSE,0,3,0,1,2,3,3,2
1719,13,18,0.115384615384615,0.3,TRUE,3,3.33333333333333,0.535143201751224,1,0,1,3,1
1720,20,50,0.131578947368421,0.3,TRUE,61,3.25,0.759252523726747,1,3,1,2,1
1721,14,20,0.10989010989011,0.6,FALSE,0,3,0,1,1,0,3,2
1722,19,33,0.0964912280701754,0.6,TRUE,25,3,0.689818616852092,1,1,2,3,1
1723,16,28,0.116666666666667,0.6,FALSE,0,3,0,1,1,2,3,1
1724,14,23,0.126373626373626,0,FALSE,0,3,0,1,0,0,3,1
1725,18,35,0.11437908496732,0.6,TRUE,7,3.7,0.587037677607327,1,3,2,5,1
1726,23,56,0.110671936758893,0,FALSE,0,3,0,1,1,1,6,2
1727,19,37,0.108187134502924,0.3,FALSE,0,3,0,1,0,2,6,3
1728,18,24,0.0784313725490196,0.3,FALSE,0,3,0,1,0,2,6,1
1729,21,49,0.116666666666667,0,FALSE,0,3,0,1,1,1,6,1
1730,20,28,0.0736842105263158,0,FALSE,0,3,0,1,0,2,3,2
1731,14,16,0.0879120879120879,0,FALSE,0,3,0,1,0,1,3,1
1732,15,31,0.147619047619048,0.6,TRUE,5,3,0.636396103067893,1,1,0,5,2
1733,18,30,0.0980392156862745,0.3,FALSE,0,3,0,1,0,1,4,1
1734,21,45,0.107142857142857,0,FALSE,0,3,0,1,4,1,6,1
1735,19,35,0.10233918128655,0.6,TRUE,3,3.4,0.593361270902949,1,1,1,2,1
1736,19,40,0.116959064327485,0.3,TRUE,5,3.2,0.574968131248993,1,1,1,5,2
1737,23,54,0.106719367588933,0,FALSE,0,3,0,1,3,0,4,3
1738,13,17,0.108974358974359,0.3,TRUE,1,3,0.45,1,0,0,3,3
1739,15,20,0.0952380952380952,0,FALSE,0,3,0,0.75,2,1,4,1
1740,21,45,0.107142857142857,0,FALSE,0,3,0,1,2,1,6,1
1741,13,26,0.166666666666667,0,FALSE,0,3,0,1,1,0,3,1
1742,18,35,0.11437908496732,0,FALSE,0,3,0,1,0,3,4,1
1743,16,35,0.145833333333333,0.6,TRUE,10,3,0.7244521090244,1,1,2,2,1
1744,16,21,0.0875,0.6,FALSE,0,3,0,1,0,2,6,1
1745,17,42,0.154411764705882,0.6,TRUE,10,4,0.517933766365991,1,1,2,5,1
1746,25,88,0.146666666666667,0.6,TRUE,95,3.6,0.842803476519776,1,1,1,5,5
1747,13,17,0.108974358974359,0.3,FALSE,0,3,0,1,3,2,3,1
1748,22,42,0.0909090909090909,0.3,FALSE,0,3,0,1,1,0,3,3
1749,17,36,0.132352941176471,0.6,TRUE,16,3,0.681102560882079,1,0,0,6,1
1750,17,35,0.128676470588235,0.6,TRUE,11,3,0.698047604108121,1,0,0,4,1
1751,17,38,0.139705882352941,0.3,TRUE,5,3,0.544773507482739,1,0,1,2,1
1752,18,36,0.117647058823529,0.6,TRUE,33,4.5,0.631193087598095,1,1,0,6,2
1753,23,45,0.0889328063241107,0,FALSE,0,3,0,1,3,1,5,1
1754,19,36,0.105263157894737,0.6,TRUE,2,3,0.544773507482739,1,2,0,6,2
1755,14,26,0.142857142857143,0.6,FALSE,0,3,0,1,0,0,2,1
1756,19,48,0.140350877192982,0.6,TRUE,13,3,0.67920161628134,1,1,1,3,4
1757,20,42,0.110526315789474,0,FALSE,0,3,0,1,0,0,3,3
1758,16,29,0.120833333333333,0.6,TRUE,8,4.33333333333333,0.60194757357202,1,1,0,3,1
1759,20,40,0.105263157894737,0.6,TRUE,3,3,0.535557605863401,1,2,3,3,1
1760,15,21,0.1,0.6,TRUE,1,3,0.45,1,2,0,4,1
1761,14,21,0.115384615384615,0,FALSE,0,3,0,1,0,0,3,1
1762,18,28,0.0915032679738562,0.3,TRUE,5,3.53333333333333,0.657536252568834,1,0,0,3,1
1763,21,45,0.107142857142857,0.3,TRUE,1,3.28571428571429,0.45,1,0,1,6,2
1764,18,33,0.107843137254902,0,FALSE,0,3,0,1,0,0,5,4
1765,16,30,0.125,0.6,TRUE,6,3,0.683522591618877,1,0,2,4,3
1766,22,40,0.0865800865800866,0.3,FALSE,0,3,0,1,2,2,6,1
1767,20,45,0.118421052631579,0.6,TRUE,19,3.6,0.666044538312708,1,0,1,5,4
1768,18,30,0.0980392156862745,0.3,FALSE,0,3,0,1,1,3,4,1
1769,21,32,0.0761904761904762,0,FALSE,0,3,0,0.333333333333333,1,1,6,1
1770,14,26,0.142857142857143,0.3,TRUE,2,3,0.534200463383421,1,1,0,2,5
1771,16,30,0.125,0,FALSE,0,3,0,1,0,3,2,2
1772,20,40,0.105263157894737,0,FALSE,0,3,0,1,2,1,3,2
1773,19,29,0.0847953216374269,0,FALSE,0,3,0,1,0,2,6,1
1774,19,26,0.0760233918128655,0.6,TRUE,2,3.36363636363636,0.517933766365992,1,2,3,6,1
1775,20,34,0.0894736842105263,0,FALSE,0,3,0,0.8,0,1,5,2
1776,19,35,0.10233918128655,0.3,TRUE,2,3,0.45,1,1,2,2,2
1777,18,33,0.107843137254902,0.6,TRUE,16,4.66666666666667,0.700350329343135,1,0,2,2,1
1778,20,36,0.0947368421052632,0,FALSE,0,3,0,1,0,2,4,1
1779,19,38,0.111111111111111,0.6,FALSE,0,3,0,1,1,0,5,1
1780,18,37,0.120915032679739,0.6,TRUE,15,3,0.706091070780047,1,1,2,3,1
1781,17,31,0.113970588235294,0.6,TRUE,10,3,0.666749419497502,1,2,1,2,4
1782,21,47,0.111904761904762,0,FALSE,0,3,0,1,1,3,3,2
1783,18,32,0.104575163398693,0,FALSE,0,3,0,1,1,0,4,1
1784,17,27,0.0992647058823529,0.6,TRUE,3,3,0.535143201751225,1,2,1,3,1
1785,19,45,0.131578947368421,0.3,FALSE,0,3,0,1,1,1,2,2
1786,20,35,0.0921052631578947,0.3,TRUE,3,3.88888888888889,0.563387127003938,1,1,1,3,3
1787,20,23,0.0605263157894737,0.6,TRUE,1,4,0.45,1,1,2,3,1
1788,25,47,0.0783333333333333,0.3,TRUE,8,3.70588235294118,0.674313206573541,1,1,1,5,1
1789,16,30,0.125,0.6,TRUE,16,4.33333333333333,0.664533967083601,1,1,1,2,2
1790,17,19,0.0698529411764706,0.3,FALSE,0,3,0,1,0,3,5,1
1791,15,21,0.1,0.3,TRUE,1,3,0.45,1,1,2,3,1
1792,21,29,0.0690476190476191,0.6,TRUE,1,3,0.534200463383421,0.4,2,1,5,1
1793,14,21,0.115384615384615,0.3,TRUE,1,3.5,0.45,1,1,2,2,1
1794,23,33,0.0652173913043478,0.6,FALSE,0,3.30769230769231,0,1,2,2,6,2
1795,19,42,0.12280701754386,0,FALSE,0,3,0,1,3,1,2,2
1796,17,33,0.121323529411765,0.6,TRUE,3,3,0.649012306638334,1,1,2,5,2
1797,15,24,0.114285714285714,0.3,TRUE,2,3.5,0.528293248517398,1,1,0,2,2
1798,18,27,0.0882352941176471,0.3,TRUE,6,3,0.654689068992672,1,1,2,4,1
1799,16,23,0.0958333333333333,0.3,TRUE,2,3.66666666666667,0.532688318351192,1,0,3,4,1
1800,24,58,0.105072463768116,0.3,TRUE,4,3.29166666666667,0.526769969624461,1,2,0,6,1
1801,20,38,0.1,0,FALSE,0,3,0,0.666666666666667,2,2,3,1
1802,22,55,0.119047619047619,0.6,TRUE,4,3,0.592233305828622,1,2,4,3,2
1803,20,38,0.1,0.6,TRUE,5,3,0.577689407144246,1,0,0,3,1
1804,17,28,0.102941176470588,0.3,FALSE,0,3,0,1,1,1,2,3
1805,19,44,0.128654970760234,0.3,FALSE,0,3,0,1,1,1,4,4
1806,21,47,0.111904761904762,0.3,TRUE,3,3,0.561334226413145,1,1,1,5,2
1807,17,23,0.0845588235294118,0,FALSE,0,3,0,1,1,1,2,1
1808,19,33,0.0964912280701754,0.3,FALSE,0,3,0,1,3,1,5,2
1809,13,21,0.134615384615385,0.3,TRUE,2,3,0.45,1,1,1,2,1
1810,20,37,0.0973684210526316,0.3,FALSE,0,3,0,1,2,1,6,1
1811,15,17,0.080952380952381,0.6,FALSE,0,3,0,0.666666666666667,0,1,3,1
1812,21,51,0.121428571428571,0,FALSE,0,3,0,1,1,1,5,2
1813,20,36,0.0947368421052632,0.6,TRUE,30,3,0.829871021216575,1,2,1,2,1
1814,17,32,0.117647058823529,0.6,TRUE,4,3,0.678539264221622,1,1,1,5,1
1815,15,19,0.0904761904761905,0.6,FALSE,0,3,0,1,1,1,3,2
1816,21,55,0.130952380952381,0.3,TRUE,5,3.22222222222222,0.574968131248993,1,1,0,6,4
1817,18,37,0.120915032679739,0,FALSE,0,3,0,1,0,1,6,1
1818,20,51,0.134210526315789,0.3,TRUE,2,3,0.517933766365992,1,3,3,4,2
1819,15,23,0.10952380952381,0.3,FALSE,0,3,0,1,1,0,4,1
1820,20,42,0.110526315789474,0.6,TRUE,30,3,0.779892458310492,1,0,1,2,3
1821,12,13,0.0984848484848485,0,FALSE,0,3,0,0.75,2,1,4,1
1822,17,26,0.0955882352941176,0.6,TRUE,3,3,0.45,1,4,1,3,1
1823,15,23,0.10952380952381,0,FALSE,0,3,0,1,0,1,4,1
1824,21,63,0.15,0.3,TRUE,259,3.1,0.926315424316181,1,2,2,5,3
1825,13,16,0.102564102564103,0,FALSE,0,3,0,1,2,0,6,1
1826,16,22,0.0916666666666667,0.6,TRUE,1,4.25,0.45,1,3,1,2,1
1827,19,39,0.114035087719298,0.6,TRUE,21,3.9,0.661798213001375,1,0,1,5,1
1828,15,17,0.080952380952381,0.6,FALSE,0,3,0,0.833333333333333,2,2,6,1
1829,22,55,0.119047619047619,0.3,TRUE,6,4,0.640764992240713,1,1,1,6,4
1830,24,56,0.101449275362319,0.3,TRUE,1,3.54545454545455,0.45,1,0,2,6,4
1831,21,38,0.0904761904761905,0.6,TRUE,3,3,0.610291379531833,1,4,1,4,3
1832,17,30,0.110294117647059,0,FALSE,0,3,0,1,1,1,3,1
1833,22,40,0.0865800865800866,0.6,TRUE,4,3.88888888888889,0.639505082914947,1,0,2,6,2
1834,25,66,0.11,0.3,TRUE,7,3.25,0.737149472375834,1,1,1,6,3
1835,17,34,0.125,0.3,TRUE,2,3,0.534200463383421,1,1,0,3,1
1836,14,18,0.0989010989010989,0.6,TRUE,3,3,0.561334226413145,1,2,1,2,1
1837,19,28,0.0818713450292398,0.6,TRUE,4,3,0.596123080760135,1,1,2,2,3
1838,16,22,0.0916666666666667,0,FALSE,0,3,0,1,2,1,6,1
1839,11,8,0.0727272727272727,0,FALSE,0,3,0,1,1,0,2,1
1840,25,67,0.111666666666667,0.3,TRUE,3,3,0.563387127003939,1,2,2,5,4
1841,18,32,0.104575163398693,0.6,TRUE,12,4.3,0.66030250071352,1,1,1,5,2
1842,18,26,0.0849673202614379,0,FALSE,0,3,0,1,0,0,2,2
1843,17,30,0.110294117647059,0.3,TRUE,2,3,0.534200463383421,1,0,2,2,1
1844,20,45,0.118421052631579,0.6,TRUE,7,3,0.636396103067893,1,2,0,3,5
1845,22,46,0.0995670995670996,0.3,TRUE,3,3.8,0.45,1,0,0,6,3
1846,21,32,0.0761904761904762,0.6,FALSE,0,3,0,0.666666666666667,2,1,6,1
1847,19,36,0.105263157894737,0,FALSE,0,3,0,1,1,2,2,3
1848,23,53,0.104743083003953,0.3,TRUE,10,3.2,0.584893596908494,1,2,1,4,3
1849,18,24,0.0784313725490196,0.6,TRUE,1,3.75,0.45,1,0,2,6,3
1850,15,31,0.147619047619048,0.3,TRUE,3,3,0.573349072486353,1,1,1,2,3
1851,19,29,0.0847953216374269,0.6,TRUE,5,3,0.592430442466963,1,0,2,2,1
1852,14,28,0.153846153846154,0.6,TRUE,6,3,0.551817198044066,1,0,0,3,1
1853,19,33,0.0964912280701754,0.6,TRUE,4,3,0.616636747819795,1,1,0,6,2
1854,18,33,0.107843137254902,0.3,TRUE,8,4.16666666666667,0.610291379531833,1,1,0,6,2
1855,19,35,0.10233918128655,0,FALSE,0,3,0,1,1,1,2,3
1856,13,14,0.0897435897435897,0.6,TRUE,1,4.2,0.45,1,2,0,3,1
1857,17,27,0.0992647058823529,0.6,TRUE,3,3,0.45,1,3,2,2,1
1858,21,39,0.0928571428571429,0.3,TRUE,4,3,0.592233305828622,1,1,1,2,3
1859,16,24,0.1,0.6,TRUE,4,3,0.593778559847802,1,1,0,2,1
1860,21,38,0.0904761904761905,0,FALSE,0,3,0,1,0,4,4,1
1861,16,21,0.0875,0.3,TRUE,2,3,0.516914259748666,1,1,2,4,1
1862,19,32,0.0935672514619883,0.6,FALSE,0,3,0,0.8,2,0,5,1
1863,17,36,0.132352941176471,0.3,FALSE,0,3,0,1,2,2,2,2
1864,15,19,0.0904761904761905,0.6,TRUE,2,3,0.537236600094551,1,0,2,3,1
1865,17,22,0.0808823529411765,0.6,FALSE,0,3.5,0,0.833333333333333,1,0,6,1
1866,21,43,0.102380952380952,0,FALSE,0,3,0,1,0,1,5,1
1867,24,55,0.0996376811594203,0.3,TRUE,3,3.55555555555556,0.450000003772471,1,1,1,6,3
1868,22,51,0.11038961038961,0,FALSE,0,3,0,1,2,1,6,2
1869,23,47,0.0928853754940712,0.3,TRUE,2,3.25,0.535143201751225,1,1,0,5,2
1870,20,40,0.105263157894737,0,FALSE,0,3,0,1,3,0,6,2
1871,18,40,0.130718954248366,0.6,TRUE,118,3.75,0.729369184373384,1,1,0,4,3
1872,24,57,0.103260869565217,0,FALSE,0,3,0,0.833333333333333,3,1,6,1
1873,23,70,0.138339920948617,0,FALSE,0,3,0,1,3,0,6,2
1874,17,40,0.147058823529412,0,FALSE,0,3,0,1,1,0,3,2
1875,16,31,0.129166666666667,0.6,FALSE,0,3,0,1,1,0,5,1
1876,13,14,0.0897435897435897,0.6,TRUE,3,3,0.450000000000001,1,2,2,4,1
1877,18,31,0.101307189542484,0.6,TRUE,9,3,0.536270956322647,1,1,0,2,1
1878,21,55,0.130952380952381,0.6,TRUE,103,3.65,0.753502879202491,1,2,2,5,3
1879,23,65,0.128458498023715,0,FALSE,0,3,0,1,2,0,3,1
1880,16,21,0.0875,0.6,TRUE,1,3,0.534200463383421,1,2,0,2,1
1881,23,57,0.112648221343874,0,FALSE,0,3,0,1,2,1,6,1
1882,17,29,0.106617647058824,0,FALSE,0,3,0,1,0,1,3,4
1883,18,28,0.0915032679738562,0.6,TRUE,5,3,0.566964472452693,1,0,1,2,2
1884,23,43,0.0849802371541502,0.6,TRUE,1,3.38461538461538,0.45,1,1,0,4,2
1885,14,20,0.10989010989011,0.3,FALSE,0,3,0,1,0,2,2,1
1886,23,70,0.138339920948617,0.6,TRUE,89,3.4,0.862541525133478,1,2,0,5,3
1887,16,21,0.0875,0.3,FALSE,0,3,0,0.5,1,2,2,1
1888,18,33,0.107843137254902,0.3,TRUE,5,3,0.621714337474902,1,0,1,2,2
1889,21,36,0.0857142857142857,0,FALSE,0,3,0,0.75,2,3,4,1
1890,18,22,0.0718954248366013,0.6,TRUE,1,3,0.45,0.833333333333333,1,2,6,1
1891,15,22,0.104761904761905,0.3,FALSE,0,3,0,0.5,1,1,2,1
1892,20,34,0.0894736842105263,0,FALSE,0,3,0,1,2,0,3,3
1893,16,32,0.133333333333333,0,FALSE,0,3,0,1,0,0,2,1
1894,20,49,0.128947368421053,0,FALSE,0,3,0,1,2,1,5,2
1895,17,43,0.158088235294118,0,FALSE,0,3,0,1,0,1,2,3
1896,14,20,0.10989010989011,0.6,TRUE,2,3,0.45,1,4,0,3,1
1897,23,55,0.108695652173913,0.6,TRUE,29,3.35294117647059,0.719525367108601,1,2,3,5,2
1898,19,41,0.119883040935673,0.6,TRUE,27,3.5,0.845943709716279,1,0,1,4,2
1899,16,19,0.0791666666666667,0.3,TRUE,2,3.25,0.45,0.8,1,0,5,1
1900,25,57,0.095,0,FALSE,0,3,0,1,1,0,6,2
1901,18,40,0.130718954248366,0,FALSE,0,3,0,1,0,1,4,2
1902,16,18,0.075,0.6,FALSE,0,3.42857142857143,0,0.333333333333333,1,0,6,1
1903,20,45,0.118421052631579,0.3,FALSE,0,3,0,1,1,1,5,1
1904,16,27,0.1125,0,FALSE,0,3,0,1,1,0,3,2
1905,17,29,0.106617647058824,0.6,FALSE,0,3,0,1,1,2,3,1
1906,17,28,0.102941176470588,0,FALSE,0,3,0,1,1,0,4,1
1907,10,14,0.155555555555556,0,FALSE,0,3,0,1,1,0,2,1
1908,17,26,0.0955882352941176,0.3,FALSE,0,3,0,1,0,1,4,3
1909,16,31,0.129166666666667,0.6,TRUE,13,3,0.563815575274558,1,1,1,6,1
1910,18,24,0.0784313725490196,0.3,TRUE,3,3.84615384615385,0.561334226413144,1,1,1,4,1
1911,15,14,0.0666666666666667,0.3,FALSE,0,3,0,0.5,1,0,4,1
1912,21,42,0.1,0.6,FALSE,0,3,0,1,1,2,6,1
1913,15,18,0.0857142857142857,0.3,FALSE,0,3,0,1,2,0,3,1
1914,18,46,0.150326797385621,0,FALSE,0,3,0,1,2,3,2,2
1915,21,44,0.104761904761905,0,FALSE,0,3,0,1,2,1,5,2
1916,20,56,0.147368421052632,0.3,TRUE,5,3.25,0.687723202024923,1,2,1,4,4
1917,18,36,0.117647058823529,0.3,TRUE,2,3,0.532688318351191,1,0,1,4,1
1918,18,35,0.11437908496732,0.3,TRUE,7,3.8,0.626193413625872,1,0,0,5,2
1919,17,27,0.0992647058823529,0,FALSE,0,3,0,1,1,0,3,3
1920,21,43,0.102380952380952,0.3,FALSE,0,3,0,1,0,1,4,3
1921,22,58,0.125541125541126,0.6,TRUE,248,3.4,0.895222647536521,1,1,1,5,2
1922,20,35,0.0921052631578947,0.3,FALSE,0,3,0,1,1,2,3,1
1923,17,31,0.113970588235294,0,FALSE,0,3,0,1,1,2,6,4
1924,16,25,0.104166666666667,0.6,TRUE,1,3,0.45,1,0,0,3,3
1925,17,35,0.128676470588235,0.6,TRUE,3,3,0.544773507482739,1,0,0,5,5
1926,18,32,0.104575163398693,0.3,FALSE,0,3,0,1,1,2,6,1
1927,18,30,0.0980392156862745,0,FALSE,0,3,0,1,0,0,3,2
1928,21,52,0.123809523809524,0.3,FALSE,0,3,0,1,2,2,4,2
1929,24,69,0.125,0,FALSE,0,3,0,1,1,1,6,3
1930,11,12,0.109090909090909,0.6,TRUE,2,3,0.537236600094551,1,0,1,4,1
1931,18,27,0.0882352941176471,0.3,FALSE,0,3,0,1,1,1,5,1
1932,18,42,0.137254901960784,0,FALSE,0,3,0,1,1,1,2,3
1933,12,15,0.113636363636364,0,FALSE,0,3,0,1,1,1,2,1
1934,16,28,0.116666666666667,0.6,TRUE,5,3.3,0.687723202024922,1,0,1,5,2
1935,15,23,0.10952380952381,0,FALSE,0,3,0,0.8,0,0,5,1
1936,15,27,0.128571428571429,0.3,TRUE,3,4,0.561334226413144,1,0,2,4,2
1937,16,17,0.0708333333333333,0,FALSE,0,3,0,0.8,0,2,5,1
1938,17,22,0.0808823529411765,0.3,FALSE,0,3,0,0.4,1,0,5,1
1939,22,47,0.101731601731602,0.3,FALSE,0,3,0,1,2,1,4,2
1940,19,28,0.0818713450292398,0.6,FALSE,0,3.15384615384615,0,0.833333333333333,1,0,6,2
1941,22,39,0.0844155844155844,0.3,TRUE,1,3,0.45,1,3,3,5,2
1942,23,56,0.110671936758893,0.6,TRUE,4,3,0.542203172665601,1,1,2,6,3
1943,21,41,0.0976190476190476,0.6,FALSE,0,3,0,1,0,1,6,3
1944,14,20,0.10989010989011,0,FALSE,0,3,0,1,0,2,2,1
1945,18,27,0.0882352941176471,0.3,TRUE,3,3.66666666666667,0.561334226413144,1,3,1,2,1
1946,19,53,0.154970760233918,0.3,TRUE,4,3.44444444444444,0.551817198044066,1,0,0,6,1
1947,15,25,0.119047619047619,0.3,TRUE,1,3,0.45,1,1,0,5,1
1948,23,57,0.112648221343874,0.6,TRUE,296,3.26666666666667,0.861575559925065,1,1,1,5,2
1949,22,54,0.116883116883117,0.6,TRUE,25,3,0.893873539015071,1,1,0,2,2
1950,21,52,0.123809523809524,0,FALSE,0,3,0,1,1,0,5,1
1951,21,27,0.0642857142857143,0,FALSE,0,3,0,0.666666666666667,0,1,3,1
1952,17,24,0.0882352941176471,0.3,FALSE,0,3,0,1,1,0,3,2
1953,18,39,0.127450980392157,0.3,TRUE,6,4.33333333333333,0.629413652029162,1,2,1,2,2
1954,15,21,0.1,0,FALSE,0,3,0,1,0,1,5,1
1955,17,27,0.0992647058823529,0.6,FALSE,0,3,0,1,0,3,3,1
1956,18,25,0.0816993464052288,0,FALSE,0,3,0,1,0,1,6,1
1957,21,48,0.114285714285714,0.6,TRUE,16,3.33333333333333,0.629656793755015,1,1,2,2,1
1958,13,19,0.121794871794872,0,FALSE,0,3,0,1,0,0,2,1
1959,14,21,0.115384615384615,0.3,FALSE,0,3,0,1,2,1,3,1
1960,18,33,0.107843137254902,0.3,TRUE,12,3,0.775050618633579,1,2,1,2,1
1961,19,29,0.0847953216374269,0.6,TRUE,3,3,0.592233305828622,0.833333333333333,2,0,6,1
1962,24,58,0.105072463768116,0.3,FALSE,0,3,0,1,1,0,6,1
1963,19,35,0.10233918128655,0,FALSE,0,3,0,1,1,1,4,3
1964,23,56,0.110671936758893,0,FALSE,0,3,0,1,3,2,5,2
1965,19,45,0.131578947368421,0.3,TRUE,10,3,0.720875393414488,1,1,3,3,3
1966,21,39,0.0928571428571429,0,FALSE,0,3,0,1,2,1,2,2
1967,18,20,0.065359477124183,0,FALSE,0,3,0,1,0,2,5,1
1968,17,37,0.136029411764706,0,FALSE,0,3,0,1,1,1,2,4
1969,16,22,0.0916666666666667,0.3,FALSE,0,3,0,1,0,0,6,1
1970,18,24,0.0784313725490196,0.3,FALSE,0,3.25,0,1,2,1,4,2
1971,15,21,0.1,0,FALSE,0,3,0,0.5,1,1,2,1
1972,21,40,0.0952380952380952,0.6,TRUE,5,3.25,0.544773507482739,1,1,1,3,1
1973,18,33,0.107843137254902,0,FALSE,0,3,0,1,3,1,5,2
1974,21,45,0.107142857142857,0.6,TRUE,23,3.5,0.770559723828987,1,1,1,5,2
1975,15,15,0.0714285714285714,0.3,FALSE,0,3,0,0,3,2,3,1
1976,21,38,0.0904761904761905,0.6,FALSE,0,3,0,1,0,3,5,1
1977,21,49,0.116666666666667,0.3,TRUE,5,3.46153846153846,0.588092067226338,1,1,1,5,3
1978,16,22,0.0916666666666667,0.3,FALSE,0,3,0,0.25,0,0,4,1
1979,23,57,0.112648221343874,0.3,TRUE,3,3.18181818181818,0.563387127003939,1,0,0,6,1
1980,15,25,0.119047619047619,0.3,TRUE,2,3.33333333333333,0.544773507482739,1,1,1,3,2
1981,15,14,0.0666666666666667,0.3,FALSE,0,3,0,0.6,2,0,5,1
1982,12,14,0.106060606060606,0.3,FALSE,0,3,0,1,2,0,5,1
1983,24,52,0.0942028985507246,0.3,TRUE,1,3.375,0.45,1,1,0,6,3
1984,20,34,0.0894736842105263,0.6,TRUE,4,3.75,0.649158183200727,1,0,0,2,2
1985,15,29,0.138095238095238,0.6,FALSE,0,3,0,1,3,0,3,1
1986,17,28,0.102941176470588,0.6,TRUE,6,3.25,0.696220532991472,1,0,3,4,1
1987,15,27,0.128571428571429,0.3,TRUE,2,3,0.45,1,0,1,2,4
1988,15,24,0.114285714285714,0,FALSE,0,3,0,0.75,1,2,4,1
1989,17,30,0.110294117647059,0.6,TRUE,3,3,0.5355576058634,1,2,0,4,2
1990,15,30,0.142857142857143,0.3,TRUE,29,3,0.802170010285997,1,3,0,3,1
1991,18,32,0.104575163398693,0.6,TRUE,3,3.375,0.610291379531833,1,1,2,4,2
1992,20,39,0.102631578947368,0.3,TRUE,1,3,0.45,1,2,0,3,2
1993,15,20,0.0952380952380952,0.6,TRUE,2,3,0.45,0.5,0,1,2,1
1994,19,33,0.0964912280701754,0.6,TRUE,1,3,0.45,1,0,2,3,2
1995,19,34,0.0994152046783626,0,FALSE,0,3,0,1,1,2,3,1
1996,19,38,0.111111111111111,0.3,FALSE,0,3,0,1,1,2,3,1
1997,19,34,0.0994152046783626,0,FALSE,0,3,0,0.833333333333333,1,2,6,1
1998,22,51,0.11038961038961,0,FALSE,0,3,0,1,0,0,6,2
1999,21,40,0.0952380952380952,0.6,TRUE,5,3,0.624966692422727,1,2,0,3,1
2000,21,57,0.135714285714286,0.6,TRUE,6,3.16666666666667,0.709267298985438,1,3,0,6,1
