"id","label","dpsir_category","subsystem","self_regulation","growth_rate","growth_cap","reference_value","sd","threshold_level","threshold_direction","endpoint_class","value_v","descriptor"
"D1","Coastal population","Driver","Sri Lanka small-scale fisheries",0.5,0.008,,19.4,,,,,,"Population of Sri Lanka, millions (base-level trend only)."
"D2","Per-capita fish demand","Driver","Sri Lanka small-scale fisheries",1,0.023,31,23.5,,,,,,"Fish consumption per person, kg/yr; doubled in three decades and peaked at 31 kg in 2016."
"D3","Fleet capacity (boats x power)","Driver","Sri Lanka small-scale fisheries",0.02,0.01,,8328,4877,,,,,"Fishing capacity of the fleet, in the same units as effort (thousand kW-days/yr)."
"D4","Indian trawler incursions","Driver","Sri Lanka small-scale fisheries",1,0,,,,,,,,"Transboundary incursions by Indian bottom trawlers (qualitative in the article)."
"P1","Fishing effort","Pressure","Sri Lanka small-scale fisheries",1,0,,8328,4877,,,,,"Standardized fishing effort, thousand kW-days/yr (Fig. 4)."
"P2","Illegal bottom trawling","Pressure","Sri Lanka small-scale fisheries",1,0,,,,,,,,"Fishing pressure from illegal (mostly Indian) bottom trawling."
"S1","Fish stock (biomass)","State","Sri Lanka small-scale fisheries",1,0,,504.4,108.9,345.2,"auto",,,"Fish biomass, kt; Gordon-Schaefer equilibrium with the article's MSY benchmarks."
"S2","Fleet motorization (% motorized)","State","Sri Lanka small-scale fisheries",1,0,,40,15.5,,,,,"Share of motorized boats in the fleet, %; 40% before the tsunami, 60% now."
"I1","Catch decline","Impact","Sri Lanka small-scale fisheries",1,0,,,,,,"service",1,"Loss of catch (in 2021 the catch equals pre-tsunami levels with twice the effort)."
"I2","Fisher income loss","Impact","Sri Lanka small-scale fisheries",1,0,,,,,,"welfare",1,"Loss of fishers' income."
"I3","Conflict with Indian fishermen","Impact","Sri Lanka small-scale fisheries",0.5,0,,,,,,"welfare",0.6,"Conflicts with Indian fishers (arrests, lost fishing grounds)."
"I4","Traditional fishing decline","Impact","Sri Lanka small-scale fisheries",0.5,0,,,,,,"welfare",0.5,"Decline of the non-motorized traditional fleet."
"I5","Loss of traditional fishing culture","Impact","Sri Lanka small-scale fisheries",0.3,0,,,,,,"welfare",0.5,"Erosion of traditional practices and local ecological knowledge."
"R1","Post-tsunami aid (2005-2009)","Response","Sri Lanka small-scale fisheries",1,0,,,,,,,,"Boats and gear given to rebuild livelihoods after the 2004 tsunami (article: +23% boats by 2008)."
"R2","Post-war aid (2010-2012)","Response","Sri Lanka small-scale fisheries",1,0,,,,,,,,"Second wave of boats and gear after the end of the civil war in 2009."
"R3","Effort-based quota","Response","Sri Lanka small-scale fisheries",1,0,,,4877,,,,,"Effort-based quota: 5% (MSY) to 25% (MEY) cut, via buybacks or fishing-free days (Table 4)."
"R4","Combating poaching","Response","Sri Lanka small-scale fisheries",1,0,,,,,,,,"Joint patrols, surveillance and penalties against illegal trawling."
