"item","value","source"
"Window length","1 year","Annual statistics (article, 1990-2021)"
"Window 0","2004","Last year before the post-tsunami aid"
"Effort SD (P1, D3, R3 units)","4877 thousand kW-days","SD of the 1990-2021 series digitized from Fig. 4 (vector figure)"
"Effort in 2004 (reference, P1 and D3)","8328 thousand kW-days","Fig. 4 (digitized)"
"Fishing effort -> Fish stock (beta)","-0.825","sqrt(R2 = 0.68), CPUE vs effort (section 3.3); sign: more effort, less stock"
"Fishing effort -> Fish stock (band)","0.622 - 1.027","95% interval of beta from R2 and n = 32 years"
"Carrying capacity K","690 kt","2 x B_MSY; B_MSY = 1.5 x H_MSY (section 3.5.1, Table 3)"
"Intrinsic growth r","1.33 per year","4 x H_MSY / K (Gordon-Schaefer)"
"Fish stock in 2004 (reference)","504.4 kt","Equilibrium K (1 - E / E_max) at the 2004 effort; reproduces Table 4"
"Fish stock SD","108.9 kt","(K / E_max) x effort SD"
"Fish stock self-regulation","1","Biomass taken at its Schaefer equilibrium each year (r = 1.33/yr: recovery rate r B / K about 0.72/yr); sr = 1 keeps the temporal equilibrium equal to B(E)"
"Fish stock threshold (B_MSY)","345.2 kt (falling)","B_MSY = 1.5 x H_MSY (article). B_lim = 0.5 B_MSY (convention) was tested and is never crossed"
"Coastal population growth","0.8% per year","External (national statistics), not in the article"
"Coastal population in 2004","19.4 million","External (national statistics), not in the article"
"Per-capita demand growth","2.3% per year","Consumption doubled over three decades (section 3.1, Fig. 5)"
"Per-capita demand ceiling","31 kg per person","Peak of 31 kg in 2016 (section 3.1)"
"Per-capita demand in 2004","23.5 kg per person","31 kg discounted at 2.3%/yr back to 2004"
"Fleet capacity growth","1% per year","Effort trend 1990-2004 (Fig. 4), before the aid"
"Fleet capacity self-regulation","0.02","Boats persist; effort stayed on a plateau after the aid (Fig. 4)"
"Post-tsunami aid -> Fleet capacity","0.34","Fitted with the post-war aid by least squares to Fig. 4, 2006-2021 (R2 = 0.93; a common value fits worse, R2 = 0.84)"
"Post-war aid -> Fleet capacity","0.08","Fitted with the post-tsunami aid (same fit)"
"Aid periods","2005-2009 (windows 1-5); 2010-2012 (windows 6-8)","Section 3.1 and Fig. 6"
"Fleet capacity -> Fishing effort","0.85 (band 0.75 - 0.95)","Effort = boat power x fishing days (section 2.2.1): capacity sets effort; kept below 0.9 so the three drivers of effort explain at most 100% of its variation"
"Fleet motorization in 2004 / SD","40% / 15.5 points","Fleet split 60:40 non-motorized before 2004, 60:40 motorized now (section 3.4); SD calibrated to that rise"
"Effort-based quota -> Fishing effort","1 (definitional)","The quota cuts effort directly, in effort units"
"Quota size","5% of 2021 effort = 827; 25% = 4,133 thousand kW-days","Table 4 (5% = MSY, 25% = MEY)"
"Flow factors' self-regulation","1 (no memory)","Effort, demand, catch and income are flows, not stocks"
"Other edge strengths","classes weak 0.15 / moderate 0.45 / strong 0.80","Qualitative links (section 3, Table 2)"
