"from","to","weight","weight_low","weight_high","strength_class","weight_source","interaction_type","evidence_type","reference"
"D1","P1",,,,"weak","class","positive","literature","Gnanapragasam et al. 2026, Marine Policy 189:107095"
"D2","P1",,,,"moderate","class","positive","literature","Gnanapragasam et al. 2026, Marine Policy 189:107095"
"D3","P1",0.85,0.75,0.95,,"given","positive","definition","Gnanapragasam et al. 2026, Marine Policy 189:107095"
"D4","P2",,,,"strong","class","positive","literature","Gnanapragasam et al. 2026, Marine Policy 189:107095"
"P1","S1",0.825,0.622,1.027,,"r2","negative","regression","Gnanapragasam et al. 2026, Marine Policy 189:107095"
"P1","S2",0.75,,,,"calibrated","positive","calibration","Gnanapragasam et al. 2026, Marine Policy 189:107095"
"P2","S1",,,,"moderate","class","negative","literature","Gnanapragasam et al. 2026, Marine Policy 189:107095"
"S1","I1",,,,"strong","class","negative","expert_assessment","Gnanapragasam et al. 2026, Marine Policy 189:107095"
"S1","I2",,,,"moderate","class","negative","expert_assessment","Gnanapragasam et al. 2026, Marine Policy 189:107095"
"S1","I3",,,,"moderate","class","negative","literature","Gnanapragasam et al. 2026, Marine Policy 189:107095"
"S2","I1",,,,"moderate","class","positive","literature","Gnanapragasam et al. 2026, Marine Policy 189:107095"
"S2","I3",,,,"weak","class","positive","expert_assessment","Gnanapragasam et al. 2026, Marine Policy 189:107095"
"S2","I4",,,,"strong","class","positive","literature","Gnanapragasam et al. 2026, Marine Policy 189:107095"
"S2","I5",,,,"moderate","class","positive","literature","Gnanapragasam et al. 2026, Marine Policy 189:107095"
"R1","D3",0.345,,,,"calibrated","positive","calibration","Gnanapragasam et al. 2026, Marine Policy 189:107095"
"R1","I2",,,,"moderate","class","negative","literature","Gnanapragasam et al. 2026, Marine Policy 189:107095"
"R2","D3",0.085,,,,"calibrated","positive","calibration","Gnanapragasam et al. 2026, Marine Policy 189:107095"
"R2","I2",,,,"moderate","class","negative","literature","Gnanapragasam et al. 2026, Marine Policy 189:107095"
"R3","P1",1,0.9,1,,"given","negative","definition","Gnanapragasam et al. 2026, Marine Policy 189:107095"
"R4","D4",,,,"moderate","class","negative","literature","Gnanapragasam et al. 2026, Marine Policy 189:107095"
