"id","label","dpsir_category","subsystem","self_regulation","growth_rate","reference_value","endpoint_class","value_v","descriptor"
"D1","Coastal population","Driver","Society",1,0.037,2.5,,,"Coastal population, million (2.5 in 1999), growing 3.7% per year (3.1.1)."
"D2","Poverty","Driver","Society",1,0,,,,"Share of the population below the poverty line (42%, 3.1.4)."
"D3","Unemployment","Driver","Society",1,0,,,,"Unemployment rate (40% in 2001, 3.1.2)."
"D4","Tourism employment","Driver","Society",1,0,,,,"Jobs in coastal tourism; when tourism fell (1997-98) boat operators turned to fishing (3.1.5)."
"D5","Traditional fishing customs","Driver","Society",1,0,,,,"Customary rules (taboos, elders) that regulate where and how to fish; their decay leads young fishers to non-traditional gears (3.1.3)."
"D6","Sea warming","Driver","Climate",1,0,,,,"Rising sea surface temperature (external variability; +1.5 C in the 1998 event, 3.3.4)."
"P1","General fishing effort","Pressure","Fishery",1,0,,,,"Number of fishers per km2 and the catch they take (3.2.1-3.2.2); the trend in total catch is the alternative indicator."
"P2","Triggerfish fishing","Pressure","Fishery",1,0,,,,"Fishing of the urchin's predators, e.g. the red-lined triggerfish Balistapus undulatus (3.3.3)."
"P3","Destructive gear use","Pressure","Fishery",1,0,,,,"Frequency of use of beach seines and spear guns (3.2.3)."
"P4","Thermal stress (bleaching)","Pressure","Climate",1,0,,,,"Coral bleaching episodes driven by warm-water anomalies (3.3.4)."
"S1","Fish abundance","State","Reef",0.5,0,,,,"Fish biomass, kg/ha (3.3.1)."
"S2","Live coral cover","State","Reef",0.5,0,,,,"Percentage of live hard coral and reef complexity; fished reefs have half the cover of unfished ones (3.3.2)."
"S3","Sea urchin density","State","Reef",0.5,0,,,,"Density of grazing and rock-boring urchins (no./m2), released when their predators are fished; they erode the reef and compete with fish (3.3.3)."
"I1","Declining catch per fisher","Impact","Fishery",0.5,0,,"service",1,"Catch per unit effort, kg per fisher (3-4 kg/day, 3.4.1)."
"I2","Livelihood benefits compromised","Impact","Human welfare",0.5,0,,"welfare",1,"Share of household income and food that depends on the reef (3.4.2)."
"I3","Exclusion and conflicts","Impact","Human welfare",0.5,0,,"welfare",1,"Fishers excluded and number of conflicts among reef users (3.4.3)."
"R1","No-take marine parks","Response","Management",1,0,,,,"Existing in 2007: four marine parks with no extraction (3.5.1). Also excludes fishers."
"R2","Gear restrictions","Response","Management",1,0,,,,"Existing in 2007: Fisheries Act gear and mesh rules, reserves with gear restrictions; beach seines banned but still used (3.5.1)."
"R3","Education and awareness","Response","Management",1,0,,,,"Existing in 2007: awareness campaigns and meetings with fishers (3.5.2)."
"R4","Tourism-based alternative livelihoods","Response","Management",1,0,,,,"Recommended (section 6): develop tourism and other income around parks to remove fishers from the reef."
"R5","Co-management with access rights","Response","Management",1,0,,,,"Recommended (section 6): licences, exclusive access rights and collaborative (ICZM) management with local fishers."
"R6","Gear exchange with credit","Response","Management",1,0,,,,"Recommended (section 6): credit to buy authorized gear and compensation for gear declared illegal."
