from,to,weight,weight_low,weight_high,strength_class,weight_source,interaction_type,evidence_type,reference
D1,P1,0.366,0.329,0.403,,given,positive,expert_assessment,Mangi et al. 2007 (10.1016/j.ocecoaman.2006.10.003)
D2,P1,0.244,0.201,0.287,,given,positive,expert_assessment,Mangi et al. 2007 (10.1016/j.ocecoaman.2006.10.003)
D2,P2,0.244,0.207,0.281,,given,positive,expert_assessment,Mangi et al. 2007 (10.1016/j.ocecoaman.2006.10.003)
D3,P1,0.244,0.207,0.281,,given,positive,expert_assessment,Mangi et al. 2007 (10.1016/j.ocecoaman.2006.10.003)
D4,P1,0.244,0.201,0.287,,given,positive,expert_assessment,Mangi et al. 2007 (10.1016/j.ocecoaman.2006.10.003)
D4,P2,0.122,0.095,0.149,,given,positive,expert_assessment,Mangi et al. 2007 (10.1016/j.ocecoaman.2006.10.003)
P1,S2,0.366,0.339,0.393,,given,negative,monitoring,Mangi et al. 2007 (10.1016/j.ocecoaman.2006.10.003)
P1,S3,0.244,0.22,0.268,,given,negative,monitoring,Mangi et al. 2007 (10.1016/j.ocecoaman.2006.10.003)
P1,S4,0.244,0.201,0.287,,given,negative,observational,Mangi et al. 2007 (10.1016/j.ocecoaman.2006.10.003)
P2,S1,0.366,0.339,0.393,,given,negative,monitoring,Mangi et al. 2007 (10.1016/j.ocecoaman.2006.10.003)
P2,S4,0.244,0.207,0.281,,given,negative,observational,Mangi et al. 2007 (10.1016/j.ocecoaman.2006.10.003)
S2,I1,0.366,0.329,0.403,,given,negative,observational,Mangi et al. 2007 (10.1016/j.ocecoaman.2006.10.003)
S3,I1,0.244,0.207,0.281,,given,negative,observational,Mangi et al. 2007 (10.1016/j.ocecoaman.2006.10.003)
S2,I3,0.244,0.207,0.281,,given,negative,expert_assessment,Mangi et al. 2007 (10.1016/j.ocecoaman.2006.10.003)
S1,I2,0.366,0.329,0.403,,given,negative,observational,Mangi et al. 2007 (10.1016/j.ocecoaman.2006.10.003)
S4,I2,0.244,0.214,0.274,,given,negative,observational,Mangi et al. 2007 (10.1016/j.ocecoaman.2006.10.003)
I1,R1,0.244,0.183,0.305,,given,positive,policy_document,Mangi et al. 2007 (10.1016/j.ocecoaman.2006.10.003)
I1,R3,0.244,0.183,0.305,,given,positive,policy_document,Mangi et al. 2007 (10.1016/j.ocecoaman.2006.10.003)
I2,R1,0.244,0.189,0.299,,given,positive,policy_document,Mangi et al. 2007 (10.1016/j.ocecoaman.2006.10.003)
I3,R4,0.244,0.183,0.305,,given,positive,policy_document,Mangi et al. 2007 (10.1016/j.ocecoaman.2006.10.003)
R1,P1,0.244,0.207,0.281,,given,negative,management_plan,Mangi et al. 2007 (10.1016/j.ocecoaman.2006.10.003)
R1,S2,0.366,0.329,0.403,,given,positive,monitoring,Mangi et al. 2007 (10.1016/j.ocecoaman.2006.10.003)
R1,S1,0.244,0.201,0.287,,given,positive,monitoring,Mangi et al. 2007 (10.1016/j.ocecoaman.2006.10.003)
R2,P2,0.366,0.32,0.412,,given,negative,management_plan,Mangi et al. 2007 (10.1016/j.ocecoaman.2006.10.003)
R3,P1,0.244,0.201,0.287,,given,negative,management_plan,Mangi et al. 2007 (10.1016/j.ocecoaman.2006.10.003)
R3,P2,0.366,0.32,0.412,,given,negative,management_plan,Mangi et al. 2007 (10.1016/j.ocecoaman.2006.10.003)
R4,D4,0.244,0.195,0.293,,given,negative,management_plan,Mangi et al. 2007 (10.1016/j.ocecoaman.2006.10.003)
R4,D2,0.122,0.095,0.149,,given,negative,expert_assessment,Mangi et al. 2007 (10.1016/j.ocecoaman.2006.10.003)
R4,P1,0.244,0.195,0.293,,given,negative,expert_assessment,Mangi et al. 2007 (10.1016/j.ocecoaman.2006.10.003)
R5,P1,0.244,0.195,0.293,,given,negative,management_plan,Mangi et al. 2007 (10.1016/j.ocecoaman.2006.10.003)
R5,P2,0.244,0.201,0.287,,given,negative,management_plan,Mangi et al. 2007 (10.1016/j.ocecoaman.2006.10.003)
