"from","to","strength_class","interaction_type","evidence_type","reference"
"D1","P2","strong","positive","expert_assessment","EIA"
"D3","P2","moderate","positive","expert_assessment","EIA"
"D2","P1","strong","positive","expert_assessment","EIA"
"P1","S1","weak","positive","expert_assessment",""
"P1","S2","strong","positive","expert_assessment",""
"P1","S3","strong","positive","expert_assessment",""
"P2","S1","strong","positive","expert_assessment",""
"P2","S2","weak","positive","expert_assessment",""
"P2","S3","weak","positive","expert_assessment",""
"S1","I1","strong","positive","expert_assessment",""
"S1","I4","strong","positive","expert_assessment",""
"S1","I3","weak","positive","expert_assessment",""
"S2","I2","moderate","positive","expert_assessment",""
"S2","I3","moderate","positive","expert_assessment",""
"S3","I2","strong","positive","expert_assessment",""
"S3","I3","moderate","positive","expert_assessment",""
"R1","P1","strong","negative","expert_assessment",""
"R4","P2","strong","negative","expert_assessment",""
"R5","D1","moderate","negative","expert_assessment",""
"R5","D3","moderate","negative","expert_assessment",""
