"id","label","dpsir_category","subsystem","self_regulation","endpoint_class","value_v","descriptor"
"D1","Maintenance dredging","Driver","Port operation",1,,,"Periodic dredging campaigns to keep the access channel navigable."
"D2","Cargo terminal (land site)","Driver","Port operation",1,,,"Cargo terminal and industrial plant on land; its paved area drains to the bay."
"D3","Vessel traffic and operation","Driver","Port operation",1,,,"Ship traffic and berthing operations in the port."
"P1","Surface runoff","Pressure","Water",1,,,"Rainwater runoff from the terminal, carrying metals."
"P2","Sediment resuspension","Pressure","Water",1,,,"Fine sediment put back in suspension by dredging and ship propellers."
"S1","Water turbidity","State","Water",0.7,,,"Water turbidity (clears within weeks once resuspension stops)."
"S2","Dissolved Zn in water","State","Water",0.2,,,"Dissolved zinc in the water column (persists; slow to clear)."
"S3","Dissolved Cu in water","State","Water",0.2,,,"Dissolved copper in the water column (persists; slow to clear)."
"I1","Behavioral alterations of fauna","Impact","Ecosystem",0.8,"ecological",1,"Changes in fish and invertebrate behaviour under turbid water (reversible)."
"I2","Biota contamination (seafood)","Impact","Human welfare",0.1,"welfare",1,"Metal accumulation in fish and shellfish eaten by people (bioaccumulates; slow to reverse)."
"I3","Water quality loss (CONAMA classes)","Impact","Human welfare",0.5,"welfare",0.6,"Loss of the water-quality class set by CONAMA Resolution 357 (legal compliance)."
"I4","Loss of primary production","Impact","Ecosystem service",0.5,"service",0.4,"Loss of phytoplankton primary production when turbidity blocks light."
"R1","Runoff treatment system","Response","Management",1,,,"Collection and treatment of the terminal's runoff before it reaches the bay."
"R4","Environmental work window","Response","Management",1,,,"Dredging restricted to the environmentally least sensitive period."
"R5","Best practices adoption","Response","Management",1,,,"General good practices (dredging methods, speed limits, housekeeping)."
